"","baseMean","log2FoldChange","lfcSE","stat","pvalue","padj","gxs"
"remanei_genome_00008431",45.0902344879414,-1.20517219888566,0.570868373495742,-2.11112097786346,0.0347619147506307,0.0654842186128089,0
"remanei_genome_00008437",56.2149676825232,-1.46849799271939,0.427138878158405,-3.43798719294945,0.000586055415921381,0.00199453113926835,-1
"remanei_genome_00008439",23.5051586374807,-3.91525434587893,0.765886921192362,-5.11205275549491,3.1867679660201e-07,1.92455790889057e-06,-1
"remanei_genome_00010647",398.730269783856,-1.29515319756001,0.418635604405902,-3.09374831937193,0.00197645074879719,0.00563841978644929,-1
"remanei_genome_00010649",2083.11911943816,-2.46603993845741,0.615624278178251,-4.00575485059637,6.18197397779543e-05,0.000262627308298068,-1
"remanei_genome_00013180",510.074931587734,-1.73239563593658,0.746667698169975,-2.32016952143845,0.0203317086750866,0.0417205870041867,-1
"remanei_genome_00013517",1147.36397616421,-1.79021251000442,0.220618311441711,-8.11452366898116,4.87693975507735e-16,1.36554313142166e-14,-1
"remanei_genome_00013520",61.9619327172866,-1.81860149783662,0.268510017270503,-6.772937249505,1.26193696208134e-11,1.46670409177756e-10,-1
"remanei_genome_00013523",53.3552917393364,-2.15050200639563,0.356417393512518,-6.03366178401757,1.60285360642076e-09,1.39064481909182e-08,-1
"remanei_genome_00013557",33.2730135930531,-2.08888168657806,0.301820314508538,-6.92094463548434,4.4864181667099e-12,5.75756998061104e-11,-1
"remanei_genome_00013561",17.7839598414078,-1.9111573514673,0.370919703664471,-5.15248268718587,2.5706035563484e-07,1.59948665728345e-06,-1
"remanei_genome_00004457",804.303684198728,-2.04731725010833,0.239578938583768,-8.54548092670715,1.28002102082432e-17,4.92808093017365e-16,-1
"remanei_genome_00004739",2157.27856617307,-1.98275200535704,0.242739990734433,-8.16821323655008,3.12990338885775e-16,9.64010243768188e-15,-1
"remanei_genome_00007799",420.220973418815,-2.07517823174781,0.199568841542446,-10.3983077503932,2.52375271654034e-25,7.77315836694426e-23,-1
"remanei_genome_00007828",114.860361962228,-1.83537956122176,0.296523284890377,-6.18966420090848,6.02925176692923e-10,5.5433120722812e-09,-1
"remanei_genome_00007866",495.475491153949,-2.25166438682592,0.191437889933866,-11.7618533489049,6.13721272740299e-32,3.78052304008024e-29,-1
"remanei_genome_00008357",902.605369742474,-2.29517217824041,0.228836741927127,-10.0297363041959,1.12817495277625e-23,1.38991154182034e-21,-1
"remanei_genome_00008386",2519.92108423626,-1.93532972106918,0.203719239641815,-9.4999850012789,2.09920534889602e-21,1.8473007070285e-19,-1
"remanei_genome_00009206",1192.06066734555,-2.18114788026279,0.261367564742593,-8.34513602485789,7.11319647537494e-17,2.43429390490609e-15,-1
"remanei_genome_00010128",20.3740915619417,-1.42556907331841,0.487076156478768,-2.92678886937171,0.00342481290112984,0.00886422162645369,-1
"remanei_genome_00011995",156.50917914615,-1.97559817204424,0.333135475576593,-5.93031459235876,3.02354821683425e-09,2.48334093542653e-08,-1
"remanei_genome_00004230",14.4962241723775,-0.661265973648936,0.706498554504232,-0.935976399998388,0.349285338798237,0.446389561617664,0
"remanei_genome_00004239",10.3661333477108,0.320238651620183,0.844676613627168,0.379125746414394,0.704594488099039,0.764137684276422,0
"remanei_genome_00004428",22.0803459153078,-0.364334550570129,0.671574123584543,-0.542508321531931,0.587468376400564,0.66481140778005,0
"remanei_genome_00004472",58.7363142996647,-1.07672902765328,0.543399610496854,-1.9814681623875,0.0475387963420241,0.0846355449326209,0
"remanei_genome_00004473",4.80221455308872,0.157076603118649,1.14020380979217,0.137761864825973,0.890428624381626,0.908119259303115,0
"remanei_genome_00019770",99.2123350726947,-0.649750139053749,0.683295324216528,-0.95090675440924,0.341651712727616,0.440032997948911,0
"remanei_genome_00019781",7.79089697257055,0.623818766391552,1.12419552489778,0.554902374698812,0.57896143752628,0.656796032258174,0
"remanei_genome_00007944",2.39575431850651,-4.47264026228816,2.21553815709002,-2.01876020414052,0.0435121491648036,0.0788337761338795,0
"remanei_genome_00010091",149.679637643885,-3.17084904646309,0.752324973315817,-4.2147332056356,2.50073632520109e-05,0.000117591876055257,-1
"remanei_genome_00020044",16.497549306535,-2.65871911368015,1.2036083270725,-2.20895706176018,0.02717762763246,0.0533166198139979,0
"remanei_genome_00000199",335.38634260926,-2.88352470370829,0.516304910398292,-5.58492597229776,2.33799781859943e-08,1.6365984730196e-07,-1
"remanei_genome_00000669",9559.84202924861,-2.50827861891869,0.79399283667801,-3.15906958230642,0.00158273696839186,0.00462069181293549,-1
"remanei_genome_00011893",7.67390413539921,-2.35331616944315,1.22502192867568,-1.92104003557489,0.0547266603671343,0.0963189222461563,0
"remanei_genome_00012691",1.30930300749739,1.68069536241733,2.29244453337466,0.733145486378776,0.463469699817316,0.559798696249935,0
"remanei_genome_00002285",10.0496227214672,0.360955794132647,0.684457606453531,0.527360337191537,0.59794338126582,0.673369511626591,0
"remanei_genome_00003886",9.17754679367991,-0.00884973583336246,0.833718034246827,-0.0106147827800765,0.991530787746591,0.991530787746591,0
"remanei_genome_00011861",2.30859731101385,2.1319990611133,1.10152166194569,1.93550352641037,0.0529285363473673,0.0934211415185623,0
"remanei_genome_00019817",3.41980456360396,-2.45358751101713,1.6632560360674,-1.47517126516395,0.140166504698884,0.208556924865973,0
"remanei_genome_00020036",6.4362696919719,-0.998626304538231,1.02209429769874,-0.977039307221117,0.328549692909848,0.427878669836081,0
"remanei_genome_00013174",11825.4439707668,-1.80255146306224,0.222684445902831,-8.09464466974396,5.7431750146975e-16,1.5381720908929e-14,-1
"remanei_genome_00013179",300.411126696771,-1.81609390694463,0.198352719449576,-9.15588105867288,5.3916025356686e-20,3.32122716197186e-18,-1
"remanei_genome_00013182",6334.50414885897,-1.73259742337158,0.194884757201527,-8.89036909941565,6.09062488685183e-19,3.41074993663702e-17,-1
"remanei_genome_00013549",4997.23714869965,-1.62066835448747,0.221294102332579,-7.32359487851057,2.41414767182909e-13,4.01922963742357e-12,-1
"remanei_genome_00013551",102.018004671839,-1.52940071383774,0.385825425555611,-3.96397078195486,7.37132785959055e-05,0.000302715864100519,-1
"remanei_genome_00013588",2172.14077592411,-1.62515334658189,0.215875814610582,-7.52818628392207,5.1449956422172e-14,9.90411661126811e-13,-1
"remanei_genome_00013291",88.6177894637433,-0.578846122725364,0.257086149285264,-2.25156479388189,0.0243497879828847,0.0480752224277467,-1
"remanei_genome_00020035",2.37386842310372,-0.515443867700339,1.45308236502431,-0.354724467178925,0.722796019255975,0.773307513082672,0
"remanei_genome_00010364",890.212099593426,0.819210447294341,0.325181438633913,2.51924110655222,0.0117608092978549,0.0257817029447637,1
"remanei_genome_00010365",2330.60999938862,0.878590627367968,0.44957165768304,1.95428384408387,0.0506676584122776,0.0896875792585144,0
"remanei_genome_00010366",1035.47033034777,1.0653444115257,0.375320103229649,2.83849546655869,0.00453267632527598,0.0111240183919124,1
"remanei_genome_00010367",211.413086243421,0.95617708896358,0.300916033198165,3.17755447857409,0.00148522783802519,0.00446292852791959,1
"remanei_genome_00010369",438.724488610257,0.792879530243838,0.417416187292645,1.89949396880471,0.0574995588617178,0.100056153482879,0
"remanei_genome_00003899",228.016994094604,1.3521922971991,0.220810955350071,6.12375547696601,9.13951226269843e-10,8.15933268669889e-09,1
"remanei_genome_00003903",7.82646415656401,0.837212514051658,0.789040682363629,1.06105113812855,0.288666661718348,0.382405728211833,0
"remanei_genome_00016195",5220.67459835426,-1.05776523709984,0.291570187099929,-3.6278237072891,0.000285820307463126,0.00104180656448098,-1
"remanei_genome_00020005",20.3411950368277,1.23986669606377,0.704655332328565,1.75953638492534,0.0784864458492902,0.128243105154278,0
"remanei_genome_00004463",1.33617558993488,-2.15021981574896,2.01694230112234,-1.06607899222127,0.286387935221406,0.380204672621522,0
"remanei_genome_00004471",1.0470234019277,0.0809300217990242,1.66513523208001,0.0486026721673112,0.961235940402228,0.967518528247995,0
"remanei_genome_00004804",16.4037956295871,-1.4622425750589,0.677588472371934,-2.15800981669633,0.0309270685708536,0.0587996118507587,0
"remanei_genome_00004805",151.991832411373,-1.49531704811797,0.689843592214773,-2.1676175077849,0.0301878005501359,0.057571780615739,0
"remanei_genome_00007598",9.38062635450567,-3.78695451481839,1.03419106862953,-3.66175519175265,0.000250493171064186,0.000918474960568683,-1
"remanei_genome_00007601",12.0892584397195,-1.52593595379053,0.951718911074003,-1.60334730773452,0.108857997393885,0.170194229428003,0
"remanei_genome_00015743",809.759669479548,-1.51969675189856,0.232619795386768,-6.53296401267924,6.44806418657863e-11,6.6200125648874e-10,-1
"remanei_genome_00019354",575.824058375143,-1.11549785173006,0.191788515099945,-5.81629119527178,6.01676167829951e-09,4.63290649229062e-08,-1
"remanei_genome_00017350",2.64394900827245,-1.24448655348613,1.66684333541763,-0.74661279020222,0.45529732561766,0.554939551710366,0
"remanei_genome_00004244",8.20445894804759,0.537845644760359,0.61635624874798,0.872621387148907,0.382869479276721,0.482305928904826,0
"remanei_genome_00004246",6.16818630642384,0.44513726523322,0.608941412964624,0.731001793860717,0.464778057232698,0.560280397759965,0
"remanei_genome_00019838",15.7413519330536,1.01056256281226,0.50725962569655,1.99219987481674,0.046349131979109,0.0829972828463114,0
"remanei_genome_00004411",5.91202698077249,1.06573665127272,0.665488015330802,1.60143627942415,0.109280322712565,0.170421971622632,0
"remanei_genome_00013964",4.11929591328316,-2.35858280607539,1.1342348338565,-2.07944839611035,0.0375761561988513,0.0697196151159409,0
"remanei_genome_00007559",103.00611525886,-0.439005479831691,0.43975747338901,-0.998289981176388,0.318138764412124,0.416964848676315,0
"remanei_genome_00007613",2.22070717245011,0.365958487635018,1.75168849816852,0.208917560409653,0.834512595413307,0.862516373782881,0
"remanei_genome_00019955",176.601367102037,-0.641032785093278,0.741949844633854,-0.863983987232483,0.387596687053366,0.487264406581374,0
"remanei_genome_00000705",1.01257955886527,-2.99890744983332,1.47479699251332,-2.03343745956699,0.0420083460260495,0.0765595892072382,0
"remanei_genome_00000707",3.65401693313508,-0.508058917449156,0.913168062763714,-0.556369564559135,0.577958240595388,0.656796032258174,0
"remanei_genome_00019819",1.46783859728764,1.268643773689,2.17476665228554,0.583347078803021,0.55965967579802,0.640799926192528,0
"remanei_genome_00020034",1.53326960910689,1.35175130162439,1.33805515183688,1.01023586342364,0.312382300818258,0.411169866034289,0
"remanei_genome_00007917",14.982610159335,-1.66463594746309,0.598943303065311,-2.77928802099248,0.00544781973287846,0.0130578091651873,-1
"remanei_genome_00007967",9.95980932197979,-1.38934796176399,0.615154944249983,-2.25853335773466,0.0239124273149821,0.0475061865542355,-1
"remanei_genome_00000452",7.02305405755089,1.47882100318446,0.962134522064069,1.53702103944046,0.12428815725996,0.189508675426078,0
"remanei_genome_00000455",6.5372777891376,-0.514384836988799,1.01255386280552,-0.508007382010845,0.611448166238354,0.684297097082037,0
"remanei_genome_00000701",18.2042030027088,0.174027472001069,0.578960444752053,0.300586117028425,0.763730119165045,0.807246066525152,0
"remanei_genome_00003306",2228.83844683078,-1.82008493754701,0.235663930586893,-7.72322235742355,1.13425052935411e-14,2.68730125416204e-13,-1
"remanei_genome_00003307",8315.31157713673,-1.7988822079018,0.208569524134482,-8.62485646149297,6.41730920051039e-18,2.82243088631561e-16,-1
"remanei_genome_00003355",7522.74370245359,-1.80926843590078,0.196979118001018,-9.185077353689,4.11231644691212e-20,2.81465214588652e-18,-1
"remanei_genome_00011108",363.375722335102,0.0248252900331035,0.366512731269496,0.0677337727044726,0.945997564305916,0.953738951902527,0
"remanei_genome_00011110",13.3590529836685,-1.2427025927111,0.73428361180771,-1.69240137288605,0.0905694707772762,0.14566786944857,0
"remanei_genome_00013925",2.08198358578214,1.17133189607991,1.02378597614662,1.14411793418838,0.252574731007023,0.341947328132585,0
"remanei_genome_00013927",9.01627708219952,2.66816084606688,0.89481077924609,2.98181571786037,0.00286544423406984,0.00770791986107871,1
"remanei_genome_00013928",3.03672837301699,1.80489441821977,1.10651163239166,1.63115720195241,0.102857153311327,0.16287919393259,0
"remanei_genome_00019748",2.96823264802765,-1.06521680143213,1.34228148672548,-0.793586749103386,0.427436049102521,0.527656525545397,0
"remanei_genome_00007842",8.79906120695387,0.832525079391817,1.02794450338563,0.8098930211211,0.418001663211943,0.522290110625877,0
"remanei_genome_00010261",1.50599303069812,-0.144582252116375,1.62389452841094,-0.0890342627472583,0.9290546805025,0.942829791086557,0
"remanei_genome_00016996",28.5404927060862,-0.187107245952157,0.493055742627678,-0.379484974568986,0.704327759921215,0.764137684276422,0
"remanei_genome_00017022",2.72298717336509,1.10095637258629,1.57430111869916,0.699330235816645,0.484345675482046,0.575978641113784,0
"remanei_genome_00017025",3.09620395739744,-1.5040327065549,1.09692582240436,-1.37113437922193,0.170333069608948,0.2485427948294,0
"remanei_genome_00004243",7.84324422071482,-2.10611982297931,0.961694006662735,-2.19001034465002,0.0285234865971501,0.0552530432196366,0
"remanei_genome_00019839",4.67750481014834,-1.62531864657675,1.18632106192587,-1.37004955803297,0.170671432163695,0.2485427948294,0
"remanei_genome_00004245",4.24918878262639,1.05276917877457,1.17888370635161,0.893022079364099,0.371845348827786,0.469378555077698,0
"remanei_genome_00019837",2.12196562112167,2.70062847262323,1.24371778393671,2.17141582077808,0.0298997540588133,0.057377721184514,0
"remanei_genome_00004331",3.2416097736275,0.0174074422022644,1.12718778805329,0.0154432494627429,0.987678559451843,0.989284540849325,0
"remanei_genome_00004430",7.10581751420519,-3.22432357596772,0.953019124947318,-3.38327268736181,0.000716274745554065,0.00235949327947222,-1
"remanei_genome_00004543",1.51310181274138,1.97959551543718,1.33771942085976,1.47982864311327,0.138918982582225,0.20770410988022,0
"remanei_genome_00004545",0.88109140980237,1.39641980546597,3.06550236064453,0.455527232140956,0.648729980687005,0.716160695525439,0
"remanei_genome_00005568",9.41249610695564,0.93192164594781,0.981084500203642,0.949889276361387,0.342168516262221,0.440032997948911,0
"remanei_genome_00007200",782.566152406815,-1.00727563871902,0.642865410334637,-1.56685306523911,0.117149040444632,0.180409522284733,0
"remanei_genome_00007401",1.24327239195879,1.12722783743791,2.32414125440501,0.485008316642303,0.627670446101529,0.699177205783982,0
"remanei_genome_00007403",69.9662798693916,1.63641226000865,0.471565485038279,3.47016970479893,0.00052012962065225,0.0017899432755407,1
"remanei_genome_00007420",3.39673214427298,4.55860211564589,1.09519982224476,4.16234738451877,3.14992662805649e-05,0.000142673147270794,1
"remanei_genome_00007422",14.1425989794383,1.37433415963541,0.807012746873904,1.70298940748968,0.0885700507088876,0.142825003237368,0
"remanei_genome_00007489",16.4808877063993,2.14388554789565,0.702909629113985,3.05001590403309,0.00228829248381952,0.00634949626140911,1
"remanei_genome_00007494",60.1492715380889,1.95978164494819,0.41287206596989,4.74670438249293,2.06757792151436e-06,1.12710442447155e-05,1
"remanei_genome_00000706",1.5946319192885,-2.76901136300336,1.57906180335044,-1.75358010505231,0.0795024824775746,0.129559601074566,0
"remanei_genome_00000502",3.61788064495133,-2.10880755091879,1.12972152499735,-1.86666138889736,0.061948888901733,0.106001432120743,0
"remanei_genome_00014270",6.41251375019092,-0.849962476292408,1.36327938727486,-0.623469029331871,0.532976348221912,0.617130508467477,0
"remanei_genome_00014293",5.54988242400027,0.0316638475080821,1.37550672644022,0.0230197692962414,0.981634503508971,0.984832010035059,0
"remanei_genome_00014297",6.02201486021762,0.605355229674312,1.34967620381388,0.448518858051817,0.653778779392168,0.720443162979562,0
"remanei_genome_00014515",716.753590961972,-1.88098143213905,0.213656921934513,-8.80374675020163,1.32322791010279e-18,6.79256993852766e-17,-1
"remanei_genome_00017645",1042.4152367023,-1.91927739448551,0.268145140736343,-7.1576064709398,8.20978234144604e-13,1.20410141007875e-11,-1
"remanei_genome_00014529",17.9485003867757,2.13062683410706,0.731866321545831,2.91122404649909,0.00360015762952194,0.00924040458243964,1
"remanei_genome_00014530",8.31701111131841,0.584902760688785,0.809671796413443,0.722394880591983,0.47005173349783,0.565530991864577,0
"remanei_genome_00000825",1947.21993142262,-1.52547819344739,0.243092459828827,-6.27530033025931,3.48960042241517e-10,3.3587404065746e-09,-1
"remanei_genome_00019907",8.44062275245195,-2.08318109161495,0.718487746606191,-2.89939682542249,0.00373881371682904,0.00943897233428972,-1
"remanei_genome_00002433",80.119172371004,-0.833883853986218,0.290651556250047,-2.8690156169982,0.00411751467879141,0.010352608335247,-1
"remanei_genome_00010816",2.22798183932751,-0.502233008006934,1.3934706169074,-0.360418800305646,0.718533969429719,0.771109625729455,0
"remanei_genome_00010945",1.08738567590744,-1.70079866631714,2.13616911742842,-0.796191018979154,0.425921016842866,0.526842060994388,0
"remanei_genome_00010946",1305.82748668071,-1.77192336190484,0.323169561950116,-5.48295251326406,4.18285325793885e-08,2.77057807192509e-07,-1
"remanei_genome_00011270",12.1543736666196,-0.38003199252195,0.774850003317043,-0.490458786726563,0.623809286496299,0.696135000872682,0
"remanei_genome_00011271",2.4307502304973,-0.704336753908145,1.30079238481318,-0.541467464086746,0.588185417597609,0.66481140778005,0
"remanei_genome_00011286",3.91907495780062,2.59304257388668,1.00629025955397,2.57683362157954,0.00997099317939917,0.0220148093136555,1
"remanei_genome_00011287",4.06013091304317,3.66715264663514,1.12117862447411,3.27080142859058,0.00107243184215845,0.00335339093791678,1
"remanei_genome_00011402",1.84028642759746,0.387307832385796,1.52661080607696,0.253704369734607,0.79972395793285,0.832145199470668,0
"remanei_genome_00011527",15.8987149646852,-1.29847732535943,0.420470758812571,-3.08815131170214,0.00201405893785245,0.00571732859777468,-1
"remanei_genome_00011530",48.5982628338659,-1.84595955438836,0.344761659070678,-5.35430639057787,8.5885224936972e-08,5.56897879591313e-07,-1
"remanei_genome_00013532",2.79464359474547,-0.822492170721837,1.16976772500885,-0.703124349507602,0.481978258874645,0.575978641113784,0
"remanei_genome_00013572",13.894624105535,-3.50397217509558,0.503915663048926,-6.95348930790304,3.5635997269298e-12,4.77212485171469e-11,-1
"remanei_genome_00013744",356.803282953352,-2.26540941379133,0.441018470017428,-5.13676765896404,2.79504160601426e-07,1.70469864287603e-06,-1
"remanei_genome_00013745",376.076156006386,-1.8502373198854,0.542296071964571,-3.41185823674245,0.000645216588881277,0.00216007292799384,-1
"remanei_genome_00013818",1591.5790159632,-2.25338130712026,0.629450207529488,-3.57991987319297,0.000343699581691746,0.0012213795087232,-1
"remanei_genome_00013819",14.6844397783577,0.406426809150365,0.503808079360252,0.806709590021773,0.419833817677336,0.522679924454222,0
"remanei_genome_00008417",10.096806891671,0.838231463700753,0.663159286003932,1.26399717442211,0.206231041126427,0.290705540809792,0
"remanei_genome_00008376",7.97843727534833,-0.234649913232182,1.00171591492009,-0.234247963656343,0.81479248103856,0.845704722339256,0
"remanei_genome_00008392",46.4104526992305,0.547666670531202,0.363934965830287,1.50484762925086,0.132363255212864,0.200670866868782,0
"remanei_genome_00010268",7.80633340334753,1.98813471073016,0.848117350777481,2.34417408028218,0.0190692687101396,0.0402283202926232,1
"remanei_genome_00010272",3.78616609151547,0.744119842355969,1.17114747883376,0.635376718820221,0.525182748334346,0.61387585004546,0
"remanei_genome_00010254",2.51352047884922,-0.965740613931771,1.21157885925142,-0.797092658523651,0.425397219768071,0.526842060994388,0
"remanei_genome_00017444",1.05860943630443,-2.93440171933297,1.63530368732062,-1.79440781677737,0.0727481001848744,0.120521347163882,0
"remanei_genome_00017455",1.05860943630443,-2.93440171933297,1.63530368732062,-1.79440781677737,0.0727481001848744,0.120521347163882,0
"remanei_genome_00019364",22.9317086182087,1.25248424728722,0.372679946072493,3.36075031803185,0.000777310590802879,0.00254693257412007,1
"remanei_genome_00019365",51.6625480250863,1.11472284441064,0.349949278604056,3.1853840329583,0.00144562029780659,0.00436520638945519,1
"remanei_genome_00003315",59.8808787651705,-1.72396372239395,0.381336116580299,-4.52085089095129,6.15915614992708e-06,3.13557040359924e-05,-1
"remanei_genome_00003364",207.236697386245,-2.23102180809238,0.286074151932612,-7.79875355050575,6.25216294414463e-15,1.54053294943724e-13,-1
"remanei_genome_00004372",42.7078608435827,-0.861772503587602,0.417260372232163,-2.06531116045718,0.0388935682626454,0.0717318504484718,0
"remanei_genome_00019338",13.8383103237093,0.297656940258707,0.474694113251472,0.627049992720304,0.530626465406812,0.616680675101851,0
"remanei_genome_00014363",1524.74182455355,-2.98319332537107,0.832063933248257,-3.58529339653639,0.000336699464961979,0.00121290567495076,-1
"remanei_genome_00003877",135.677985466398,1.32946184993302,0.226687424821587,5.8647357742908,4.49848465269317e-09,3.55264941802435e-08,1
"remanei_genome_00003885",7.80753543537123,0.530310906746135,0.557437270735323,0.951337369398703,0.341433142700535,0.440032997948911,0
"remanei_genome_00003896",7.29791794495486,0.554834393926517,0.74403604041398,0.745709029925228,0.455843203190658,0.554939551710366,0
"remanei_genome_00003893",51.2761246959054,0.779368336915735,0.356119888680813,2.18849988918838,0.0286332093262404,0.0552917145610159,0
"remanei_genome_00003914",17.0731138835554,1.06404997842473,0.617276935770807,1.7237805541787,0.0847474663777949,0.137380103391373,0
"remanei_genome_00003919",11.3895533497501,3.34681602712906,1.01852897416274,3.28593109477347,0.00101645871596043,0.00324424129031929,1
"remanei_genome_00004009",15.4388183096997,1.50041585052309,0.794078430060365,1.88950586456433,0.0588240776984867,0.101500369362095,0
"remanei_genome_00004045",7.05177915546348,3.83899546878371,1.19416478134858,3.214795419145,0.00130537518418305,0.00400947206586677,1
"remanei_genome_00004105",15.3715010570556,0.774317360484258,0.736411484410689,1.05147377095009,0.293041049754108,0.386538087041822,0
"remanei_genome_00004129",2.82674994867863,1.87262300878039,1.27818559511993,1.46506345864795,0.142903605092376,0.212117158402177,0
"remanei_genome_00004142",17.5676857218563,1.83650579559642,0.570755385352358,3.21767580775895,0.00129233798670104,0.00400040301410974,1
"remanei_genome_00004154",43.359120218257,0.709956994539898,0.55787162603784,1.27261714237415,0.203153932574046,0.287738850796755,0
"remanei_genome_00004160",7.16682898024437,0.900322790146876,0.707517628657638,1.27250933924437,0.203192207949007,0.287738850796755,0
"remanei_genome_00004161",15.4198272806434,0.871851494740899,0.527267895654644,1.6535266074913,0.0982237355701688,0.156750831894363,0
"remanei_genome_00004170",7.0267683858017,-0.201204385687247,1.11492235729012,-0.180464930469495,0.856787583790397,0.882577176613519,0
"remanei_genome_00004192",19.5071534442144,1.98284055927707,0.530124441736471,3.74033038880851,0.000183778526178029,0.000694524982366048,1
"remanei_genome_00004196",2.7959779743003,3.83426015058207,1.33775305879384,2.86619426909713,0.00415439219384511,0.0104028682577585,1
"remanei_genome_00004202",38.2821308640385,1.00980320517335,0.370026902861133,2.72899942508321,0.00635268146800443,0.0149635547611009,1
"remanei_genome_00004224",4.07240752220737,0.374816031095112,1.24842428861239,0.300231287162568,0.764000741532734,0.807246066525152,0
"remanei_genome_00004218",66.6770687969934,-0.0539637674014296,0.307890641309829,-0.17526926824361,0.86086805835198,0.884297399427285,0
"remanei_genome_00004256",15.2264363800688,-1.11007663733172,0.458105093808189,-2.42319208481998,0.0153847894616474,0.0331364696097021,-1
"remanei_genome_00004284",3.71673242235881,0.608686148786447,0.77991661910791,0.780450286445593,0.435125878588083,0.536075082420518,0
"remanei_genome_00004278",0.89146125370924,-0.564432936139456,2.18063109462389,-0.258839258749911,0.795759265707302,0.830384532669125,0
"remanei_genome_00004275",8.63331010628209,2.63117269179534,0.804420256922696,3.27089312974399,0.00107208416375477,0.00335339093791678,1
"remanei_genome_00004264",2.71689740015855,1.42441031357816,1.24367654049209,1.14532216955267,0.252075725685741,0.341947328132585,0
"remanei_genome_00004311",21.5108702749018,0.690348784208712,0.568701452403675,1.21390367703631,0.224784508630072,0.313274337819286,0
"remanei_genome_00004324",52.1071898852601,2.47501703461203,0.469976511932663,5.26625686980426,1.39233432739393e-07,8.84204067705835e-07,1
"remanei_genome_00004342",20.0538547329747,1.15508732759826,0.609963726741477,1.89369839050745,0.0582650550922833,0.100818185215861,0
"remanei_genome_00004374",40.7526795464963,-0.355478444924266,0.463760200940787,-0.766513478739961,0.443370834934351,0.544056642070838,0
"remanei_genome_00004388",2.43018570377888,2.12709902343841,1.80856055044874,1.17612817713548,0.239543659726368,0.330849538994267,0
"remanei_genome_00004383",35.8127026933366,-0.526257891283932,0.436587387813198,-1.20538958745437,0.228052939286581,0.317111987811589,0
"remanei_genome_00004402",1.65940931726403,1.5001934568867,1.29946323779956,1.15447164125015,0.248306858539757,0.33840049747896,0
"remanei_genome_00004405",5.63515898045953,-1.23253050093961,0.679505376870608,-1.81386423550598,0.0696986300784957,0.116987346398783,0
"remanei_genome_00004410",1.97368677047903,-1.29952596812209,1.67221978366676,-0.777126296922859,0.437084260524314,0.537412982999955,0
"remanei_genome_00004498",33.8080197174606,0.749627711069465,0.561495805694613,1.33505487212343,0.181858387924843,0.262353084219446,0
"remanei_genome_00004488",1.01861423803757,-0.336147311727276,2.27153803636617,-0.147982250944395,0.882356775705387,0.902396021789363,0
"remanei_genome_00004513",21.4921215647854,1.2118768244795,0.519012320801165,2.33496735223706,0.0195451263264104,0.0410914601265146,1
"remanei_genome_00004512",20.9851793854044,1.21060265905499,0.526597147858021,2.29891609549961,0.0215097042463132,0.0435854533412136,1
"remanei_genome_00004541",6.20767380037716,3.23928501906665,1.2548116457276,2.58149103899045,0.00983745452758747,0.0218767941840934,1
"remanei_genome_00004552",15.3329020938009,2.33478529521291,0.590923075817035,3.95108160564678,7.77987884899709e-05,0.000317377839137895,1
"remanei_genome_00004555",1.19351126705094,2.83031617761907,1.60547332008325,1.76291698044058,0.0779144926919554,0.127647147601714,0
"remanei_genome_00004553",7.81123828059901,1.14125878520749,0.546010911775444,2.09017578329434,0.0366020120703738,0.068190700925898,0
"remanei_genome_00004579",28.7547162802628,1.77014365194207,0.602547082689923,2.93776818906781,0.00330584105487616,0.00866552378639879,1
"remanei_genome_00004584",10.5608680914848,-0.217650902173784,0.59281241332721,-0.367149704157171,0.713507353627808,0.767051535488185,0
"remanei_genome_00004576",6.23067297236751,1.26346754468345,0.953956600548889,1.32444971181758,0.185353733935614,0.266148951292164,0
"remanei_genome_00004577",8.68727472342549,4.06142045063887,0.943038261222431,4.30673984041133,1.65678275047173e-05,8.03604861646133e-05,1
"remanei_genome_00004592",3.12510296965202,3.1853115259105,1.03501389982072,3.07755434633509,0.00208706778350331,0.00589740254421119,1
"remanei_genome_00004621",20.9568094532202,1.72154409478636,0.505279474464732,3.40711266098842,0.000656540212698242,0.00218610146498442,1
"remanei_genome_00004622",2.40675434090478,3.10424329735143,1.37174872831982,2.26298244952896,0.0236367711936377,0.0472735423872754,1
"remanei_genome_00004628",636.15991655198,0.781829283302776,0.247443477068959,3.15962777666955,0.00157970814583952,0.00462069181293549,1
"remanei_genome_00004633",15.7257151579532,2.20168908434227,0.682417776732718,3.2263067572529,0.0012539887872199,0.00390129844912857,1
"remanei_genome_00004634",26.4670951265171,1.5818389924597,0.606385609562459,2.60863544173004,0.00909040295977685,0.0203625026299002,1
"remanei_genome_00004644",1459.18712281606,0.421927405087752,0.344198020667372,1.22582751716488,0.220263589731219,0.307669776132496,0
"remanei_genome_00004679",1.17118854854051,-2.34277990406576,2.47069130113385,-0.948228499040172,0.343013141722923,0.440200198544418,0
"remanei_genome_00004704",109.815806992388,1.21957078488053,0.356612123998138,3.41988032040914,0.000626486912006155,0.00210883026117919,1
"remanei_genome_00004690",8.43483295224845,2.55904717011198,1.05099948407064,2.43487005359936,0.0148971385235664,0.0321987274754979,1
"remanei_genome_00004768",83.6979197337913,0.66959023953393,0.307705191798136,2.17607715885795,0.029549491533238,0.0568827712014831,0
"remanei_genome_00004778",23.3784818216327,-1.96980453873428,0.453350538789391,-4.34499216432909,1.39280634746296e-05,6.80927547648558e-05,-1
"remanei_genome_00004839",10.4633503293527,1.13217091857805,0.825215910257248,1.37196932888159,0.170072986074962,0.2485427948294,0
"remanei_genome_00004848",8.02707005448494,1.59498979069357,0.6738166249498,2.36709771120949,0.0179281988389962,0.038213738701805,1
"remanei_genome_00004811",1.90031473233055,2.46311388817872,1.31514618650988,1.87288220385241,0.061084653155805,0.105106554033452,0
"remanei_genome_00004817",2.00131224379837,1.15799345651746,1.57157127605599,0.736838013114851,0.461220863419124,0.559065121189759,0
"remanei_genome_00004919",38.3759807437401,3.19394479229631,0.541306198819863,5.900440082267,3.62533261851817e-09,2.90026609481454e-08,1
"remanei_genome_00004944",1.13650618424476,-1.86504930561012,3.04808333740309,-0.611876087088584,0.540619743977218,0.624806308236335,0
"remanei_genome_00005084",2180.0756715989,1.68840986139625,0.29943811363661,5.63859370101851,1.71444521857373e-08,1.22802122632723e-07,1
"remanei_genome_00005154",4.536343400225,-0.925290014707544,0.69442292467196,-1.33245891204505,0.182709434487287,0.262964980477031,0
"remanei_genome_00005271",8.43772229341399,3.27358498058351,0.776652497453956,4.21499318075338,2.49785736572031e-05,0.000117591876055257,1
"remanei_genome_00005296",1.88306532488925,2.40347874361385,1.61721951484115,1.48617965684759,0.137231606932704,0.20568046197213,0
"remanei_genome_00005313",1351.80440133364,0.993795778197538,0.31340108362506,3.17100300580477,0.00151913571226972,0.00454265824639879,1
"remanei_genome_00005317",6.70377247688237,2.77231884007941,0.875855010363142,3.16527142880643,0.0015493834166414,0.0045666037543115,1
"remanei_genome_00005457",2.53587162643051,4.17666686988061,1.46329810445511,2.85428297703965,0.00431340913567329,0.0106754434849481,1
"remanei_genome_00005479",1.20428682878786,3.06903321687032,2.67089569219328,1.14906517159796,0.250529108402222,0.34067534387587,0
"remanei_genome_00005481",18.2569800460568,3.89931903035595,0.683446059505662,5.70537934358176,1.16084263767137e-08,8.61541041934412e-08,1
"remanei_genome_00005819",1.36916351018957,-0.493539679728137,1.76126497317374,-0.28021886953148,0.779309590576112,0.819205985998097,0
"remanei_genome_00005894",177.845699270512,2.9880934692982,0.486953010754282,6.13630761758655,8.44615352719559e-10,7.65122143051836e-09,1
"remanei_genome_00005955",264.212761592305,0.817499741061995,0.29669255847339,2.75537662713342,0.00586246091039257,0.0138895227723147,1
"remanei_genome_00005991",2141.38253105022,2.0947781422946,0.291921250752549,7.17583299226911,7.18682430398784e-13,1.09598824267453e-11,1
"remanei_genome_00006049",660.664369789696,0.855592283334211,0.321240336546808,2.66340239999575,0.00773548482974351,0.0176483653893408,1
"remanei_genome_00006240",1.65913296743919,2.56603362221221,1.58294272128231,1.62105273154389,0.105006330146105,0.165856152230771,0
"remanei_genome_00006432",1.98262997400983,3.40154392586387,1.55019873357168,2.19426313039662,0.028216498402145,0.0548307981568496,0
"remanei_genome_00006436",4936.52645957344,2.67647877005107,0.54621545284608,4.90004220148872,9.58160718914577e-07,5.5161402135643e-06,1
"remanei_genome_00006468",55.6543080854851,0.847905437755283,0.297078253105454,2.85414845715517,0.0043152360840131,0.0106754434849481,1
"remanei_genome_00006483",0.891888281828378,-1.91135158395315,2.10996999372453,-0.905866713573125,0.365006404538717,0.4626418625429,0
"remanei_genome_00006466",12.0269425183505,1.00106039501656,0.758674718275116,1.31948563844663,0.187006808284116,0.26789812535585,0
"remanei_genome_00006561",18.5492748814221,-2.6482438885136,0.987330206245569,-2.68222715334907,0.00731337822608764,0.0167473642649442,-1
"remanei_genome_00006642",16.2034542083467,1.14794949060505,0.917766934853613,1.25080720061913,0.211004827167546,0.296755647340658,0
"remanei_genome_00006606",0.94837210307034,0.869612589837857,1.95407406190573,0.445025399390317,0.656301398874633,0.721931538762096,0
"remanei_genome_00006616",1.66384964719899,0.760563851043379,1.35708819344313,0.560438042802301,0.575180689045293,0.656132045281297,0
"remanei_genome_00006682",37.7755004828271,-0.4036833741984,0.435222455282556,-0.9275334241114,0.353649646119552,0.450099549606702,0
"remanei_genome_00006776",24.3591899174209,3.37706419581772,0.663738680879693,5.08794242839952,3.61969210656081e-07,2.1439714785014e-06,1
"remanei_genome_00006838",1201.856516713,-0.696895082067638,0.405529709746988,-1.71848095297983,0.0857089257018495,0.138574011108502,0
"remanei_genome_00006895",401.173308626833,0.168443069754655,0.210783689739674,0.799127626822971,0.424216411796489,0.526842060994388,0
"remanei_genome_00006898",836.244332288422,0.12757029704088,0.246706819737688,0.517092706138079,0.605091444998178,0.680175784888463,0
"remanei_genome_00006984",2764.35082657619,0.13139705575081,0.20013592287616,0.656539085350091,0.511477327879567,0.602428363238648,0
"remanei_genome_00007002",59.7083693723636,1.15168487981505,0.425415489252998,2.70720015822022,0.00678533337993348,0.0158324445531781,1
"remanei_genome_00007007",68.7867767116406,2.74179097173343,0.731381715544398,3.74878249409421,0.000177695107800752,0.000675680162995452,1
"remanei_genome_00007020",88.9805642491364,2.36335643795123,0.675684756461697,3.49772052033144,0.000469252592508267,0.00163310506771239,1
"remanei_genome_00007053",38.3367162618809,1.38351100712052,0.475578784977148,2.90911001672835,0.0036245928416313,0.00926451946242689,1
"remanei_genome_00007054",12.5316998471925,0.736891547129503,0.396040672781367,1.86064613504053,0.0627941651840749,0.107150154441524,0
"remanei_genome_00007132",229.631377062939,1.83786395210923,0.473789970504077,3.87906892616127,0.000104857043080034,0.000416722184111618,1
"remanei_genome_00007141",269.392507000794,-2.17091963982601,0.739960383987489,-2.93383225210975,0.00334805102022707,0.00873898062906727,-1
"remanei_genome_00007190",33.9824817906984,0.646212175043758,0.43021808813928,1.50205719577869,0.133082338153804,0.200928236036136,0
"remanei_genome_00007217",25.1933345682773,-0.573555333870868,0.909393988609955,-0.630700599580134,0.52823630696029,0.615116388318883,0
"remanei_genome_00007274",7.41919426837835,2.14671301624042,0.94502170463096,2.27160181159937,0.0231105713785011,0.046519560330629,1
"remanei_genome_00007275",3.20999448845495,3.59104254050799,1.17461547354457,3.05720690846299,0.00223410004398305,0.00622717478322877,1
"remanei_genome_00007299",2.36549561259462,-0.310838945328578,0.979745983714983,-0.317264832410892,0.751042659637971,0.798937330310609,0
"remanei_genome_00007329",21.0194268164369,-0.431307356330633,0.850550874629739,-0.507091779217074,0.612090422876952,0.684297097082037,0
"remanei_genome_00007338",4.59473740435664,3.72048246997875,1.33475555245756,2.78738864440652,0.00531347122082424,0.0127855401251083,1
"remanei_genome_00007319",2.60098309786413,-5.38307418098658,1.91537169274087,-2.81045929695426,0.0049470845926417,0.0120450755299102,-1
"remanei_genome_00007368",36.7285315648939,0.252535662745741,0.453984193471799,0.556265320196502,0.57802949109865,0.656796032258174,0
"remanei_genome_00007369",5.29945755753678,2.64023185075454,1.0159606762966,2.59875397970988,0.00935628023845179,0.0208821327061098,1
"remanei_genome_00007344",1.695953603378,0.968945884743519,1.59280562915939,0.608326507016983,0.542970943958716,0.626348504641515,0
"remanei_genome_00007397",3.5501912187892,1.38939121433284,1.0912123525794,1.27325466124775,0.202927689575819,0.287738850796755,0
"remanei_genome_00007398",3.46944071388331,1.17499259974784,1.27354495841187,0.922615720777598,0.356207500154031,0.452420247618315,0
"remanei_genome_00007405",3.62468961297833,3.46278928821863,1.0983399830483,3.15274809409024,0.00161741315563871,0.00467758922006313,1
"remanei_genome_00007406",28.8595607452334,0.95857346197696,0.393256933263485,2.43752463312505,0.01478820662547,0.0321891706052633,1
"remanei_genome_00007423",5.83235817605366,1.42701451909308,0.769895354643147,1.85351750791445,0.0638082190778278,0.108280614192678,0
"remanei_genome_00007425",4.57209514024933,0.544403027039337,1.01848307378995,0.534523391747218,0.592979470036283,0.669002479015294,0
"remanei_genome_00007426",19.1893343724776,1.37810976132652,0.51377266430763,2.68233375783759,0.00731104787241688,0.0167473642649442,1
"remanei_genome_00007432",15.4451769496616,1.91026792513827,0.97497985090574,1.95928964415384,0.0500788758488609,0.0889008285962487,0
"remanei_genome_00007433",138.028552079083,2.12941398801384,0.3550721385427,5.99713060211783,2.00834537497792e-09,1.69471335751561e-08,1
"remanei_genome_00007434",86.5080674071928,2.1554081959267,0.456560498029261,4.72096952152124,2.3472311293673e-06,1.26832839972829e-05,1
"remanei_genome_00007440",30.4053456795768,0.843243714112337,0.534980310216913,1.5762144849227,0.114976381439353,0.177507395906369,0
"remanei_genome_00007446",2.42145363904935,1.18403784636651,1.22803378893997,0.964173670977377,0.334958862217948,0.433476174634991,0
"remanei_genome_00007453",4.0924258752601,0.730283204081726,0.868496534515617,0.840859088158623,0.400426880240227,0.502368550362484,0
"remanei_genome_00007458",37.3789539690562,1.59421044701519,0.431400670766839,3.69542876273555,0.000219516024308443,0.000814589584180727,1
"remanei_genome_00007461",54.0477909320591,1.48983908273023,0.399244594173802,3.73164497270979,0.000190233480753692,0.000710204994813782,1
"remanei_genome_00007462",20.3767161810228,0.910760092971657,0.565033534507962,1.61186909687539,0.106990428203034,0.168127815747624,0
"remanei_genome_00007465",21.1026664733293,0.165751313761456,0.447627476983023,0.370288515080906,0.711167530258657,0.766784427792706,0
"remanei_genome_00007488",36.0871885729632,2.74613972128159,0.687296029906274,3.99557047005798,6.45386554206661e-05,0.000270447698905648,1
"remanei_genome_00007487",3.38418438901349,4.44374033028065,1.14848946902367,3.86920424621591,0.000109191144388786,0.000431165031689051,1
"remanei_genome_00007491",21.3610125067978,3.67743562888928,0.750423892557784,4.90047780375824,9.56038590269575e-07,5.5161402135643e-06,1
"remanei_genome_00007501",12.0978972415256,1.43660391539138,0.561487812881101,2.55856651281511,0.0105104711645248,0.0231230365619545,1
"remanei_genome_00007499",4.62148514341535,1.46224532810781,0.989223260123813,1.47817523814067,0.139360879869233,0.207860295398178,0
"remanei_genome_00007507",30.4817795100391,-0.221191146932831,0.674172788701027,-0.328092665025853,0.742841599782528,0.791678936792452,0
"remanei_genome_00007508",19.8310127692632,0.223514869963387,0.488451969227402,0.457598462172087,0.647240948547785,0.715799684569902,0
"remanei_genome_00007509",40.9139575114607,1.13955909357123,0.388861268198841,2.93050294993259,0.00338413780554426,0.00879590248192095,1
"remanei_genome_00007497",34.6336866966848,2.55399132401217,0.446139668644674,5.72464522549839,1.03650110877253e-08,7.88252695066517e-08,1
"remanei_genome_00007541",17.8380830670229,0.299812868356348,0.47925150833764,0.625585654172058,0.531586750777732,0.616680675101851,0
"remanei_genome_00007512",48.7742717361698,1.22304928218333,0.387733746109137,3.15435345635114,0.00160854139669024,0.00467387500170371,1
"remanei_genome_00007517",42.0129419694428,2.72351535747417,0.452169815575167,6.02321354425177,1.70987603439263e-09,1.46289394053591e-08,1
"remanei_genome_00007525",5.18658725289599,0.297100596680253,0.871439443305863,0.340930857516826,0.733155634053605,0.782710347620487,0
"remanei_genome_00019897",1.28229015441845,1.66745286213946,2.26669481143635,0.735631834390109,0.461954783580499,0.559065121189759,0
"remanei_genome_00014074",126.359552253913,-1.79431435069605,0.264474171288002,-6.78445967694181,1.1652177324714e-11,1.38033485231227e-10,-1
"remanei_genome_00014070",969.08514430018,-1.21319412466776,0.221445983065333,-5.47851041538122,4.28921344603426e-08,2.81080370506075e-07,-1
"remanei_genome_00014142",68.0472445365478,2.21694013572967,0.379629018680012,5.83975414587134,5.22779112446353e-09,4.07635358565764e-08,1
"remanei_genome_00014175",108.896110373096,-0.8511311394821,0.471181556635136,-1.80637617813463,0.0708595999888024,0.118291364750955,0
"remanei_genome_00014208",17.8984103513382,-0.68212799764291,0.589202388672437,-1.15771424345351,0.246980669420115,0.33840049747896,0
"remanei_genome_00014250",63.585622374556,-0.778539616075372,0.337033994878877,-2.30997355728215,0.0208896181203536,0.042468662581313,-1
"remanei_genome_00014333",1467.696414578,-2.06862746515531,0.285941230686831,-7.23444975104313,4.67420361762842e-13,7.57713007489238e-12,-1
"remanei_genome_00014365",3.97662785219602,1.54898025142856,1.34031617376427,1.15568272751515,0.247810955713675,0.33840049747896,0
"remanei_genome_00014489",27.8085030861066,-1.37888686791868,0.570519930316723,-2.41689517691904,0.015653524274069,0.0335978081980017,-1
"remanei_genome_00014504",18820.9793786674,-1.36827690487921,0.20715558300205,-6.60506892959612,3.97332427675959e-11,4.2199444042826e-10,-1
"remanei_genome_00014558",1.60717510242562,1.89841849543956,1.31141254456948,1.44761349378642,0.147725175207684,0.218746894057532,0
"remanei_genome_00014580",2299.73005725689,-0.424171380870216,0.259093041588499,-1.63713922330612,0.101601382624171,0.161722097406949,0
"remanei_genome_00014597",1.28599067299508,-1.35479685585299,1.38918028216113,-0.97524912586965,0.329436699207903,0.428128706143604,0
"remanei_genome_00014624",2.12448199965128,-1.14051521667942,1.62677443579076,-0.701089955427669,0.48324687844684,0.575978641113784,0
"remanei_genome_00014629",24.555234318011,-1.75236356664889,0.961061213005417,-1.82336311458135,0.0682484129747957,0.115180883267052,0
"remanei_genome_00014673",7.10158200714605,-1.16667906354635,0.999706611457204,-1.16702145427023,0.243201705552706,0.335150448815362,0
"remanei_genome_00014663",106.17385815287,-0.658588633628655,0.682993158490656,-0.964268273322191,0.3349114428919,0.433476174634991,0
"remanei_genome_00014743",5.18654433758697,0.438955016464511,0.760761024614923,0.576994617576128,0.563943091523283,0.644506390312323,0
"remanei_genome_00014808",8.88592098516002,-2.27376352019037,0.707421633621478,-3.21415604517263,0.00130828552798575,0.00400947206586677,-1
"remanei_genome_00014827",748.523246572094,-0.382340023383087,0.254038363337703,-1.50504836497796,0.132311642724546,0.200670866868782,0
"remanei_genome_00014836",526.589908344561,-1.19751486966398,0.213971591326054,-5.59660683104039,2.1858764903472e-08,1.54770105523434e-07,-1
"remanei_genome_00014851",1.38272804981446,0.743426439971473,1.89303526250268,0.392716635921841,0.694528782171519,0.756779863251711,0
"remanei_genome_00014911",1.7588433013591,3.72596544959763,1.38547345219001,2.68930844088569,0.0071600227921509,0.0165190038949998,1
"remanei_genome_00015083",2.47285042784891,2.58144100305435,1.43903761283436,1.79386624785289,0.0728345198427648,0.120521347163882,0
"remanei_genome_00015095",15611.30844285,-1.31856202628916,0.274724904780698,-4.79957223878815,1.59004876564777e-06,8.74526821106272e-06,-1
"remanei_genome_00015112",2.20651566687055,-0.760285688143434,1.59822261064041,-0.475707002942968,0.634283131152932,0.705267885902899,0
"remanei_genome_00015255",6.58887828758106,0.088028469584526,1.28020277986914,0.068761348568173,0.94517958460914,0.953738951902527,0
"remanei_genome_00015380",8.9913068127188,-1.24390248087093,0.566212690102305,-2.19688202439648,0.0280288729615859,0.0546385624820788,0
"remanei_genome_00015471",1104.25857324619,-1.0035444978396,0.444269233080574,-2.25886562272386,0.023891744983516,0.0475061865542355,-1
"remanei_genome_00015505",56.5325431695376,-0.470577382108432,0.435922695859562,-1.07949732046077,0.280366087657934,0.374632342727305,0
"remanei_genome_00015622",1908.9767176217,4.35630148432149,0.571545325411528,7.62197028063319,2.49832565089453e-14,5.69988370722603e-13,1
"remanei_genome_00015656",8469.49422335063,-1.18788034165911,0.201174700256241,-5.90472032589622,3.53245490548659e-09,2.8631476602365e-08,-1
"remanei_genome_00015710",10.3283288049379,-0.891788370394042,0.896393025062119,-0.994863129744057,0.319802837257001,0.418255940021895,0
"remanei_genome_00015831",22390.3512610263,-2.46410673432552,0.768313522930286,-3.20716304058741,0.001340509989775,0.00406775445173102,-1
"remanei_genome_00015981",1.71167366099787,0.0817948508408097,1.1877522038822,0.0688652486381091,0.945096880392899,0.953738951902527,0
"remanei_genome_00016025",579.711857334095,0.91495184927744,0.315252647652966,2.90228125311299,0.00370455779544002,0.0093909777859714,1
"remanei_genome_00016063",172.12548441847,-0.196466140904746,0.305319645813598,-0.643476905592544,0.519914695427403,0.61003324263482,0
"remanei_genome_00016119",13.36480049004,-2.14750671099825,0.708362790398425,-3.03164810476615,0.00243222568335165,0.00666123198569175,-1
"remanei_genome_00016149",1.22291876145371,0.546395085688345,1.89798399931182,0.287881818754246,0.773437204576711,0.815817325375434,0
"remanei_genome_00016206",81.1465174383809,-2.13109083950045,0.34058536086549,-6.25714162841571,3.92097312366053e-10,3.65957491541649e-09,-1
"remanei_genome_00016216",3015.60151400915,-0.812879912131368,0.383546178731637,-2.11937950944919,0.0340584070656076,0.0643557630442156,0
"remanei_genome_00016261",802.570294375146,1.90719055813052,0.448822105071024,4.24932403413757,2.14416566396502e-05,0.000103187972578317,1
"remanei_genome_00016301",4.00131198462777,2.06277373412231,1.08596067273998,1.89949211412762,0.0574998024885377,0.100056153482879,0
"remanei_genome_00016315",7.53032112607489,1.34520578894126,0.838911098836659,1.60351411586603,0.108821195185118,0.170194229428003,0
"remanei_genome_00016344",37.8659361155932,2.2423283770127,0.744495325001202,3.01187704168469,0.00259637742213621,0.00704567617636963,1
"remanei_genome_00016366",42.3195098628745,0.507343631555289,0.318220198227484,1.59431624510713,0.110865220945039,0.172022609829078,0
"remanei_genome_00016406",2.17183397803368,0.841472773396733,1.23723032895689,0.680126209083624,0.496424550534916,0.586943422513451,0
"remanei_genome_00016461",1.96121450467996,3.62778613139827,1.56106831304566,2.3239124778085,0.0201301853643941,0.0414722213527316,1
"remanei_genome_00016491",794.561837793087,1.51308820157955,0.514711055643816,2.93968467354355,0.00328546417168507,0.00864891422973507,1
"remanei_genome_00016517",11.0592394306298,-1.74268156987475,0.919622961355748,-1.8949957135755,0.0580929695496448,0.100803575331215,0
"remanei_genome_00016519",18.3304184937732,2.50000851807007,0.624673263102598,4.0021058459476,6.27811996787379e-05,0.000264885061658237,1
"remanei_genome_00016523",1.65148993271433,0.0487512902843366,1.63601236787958,0.0297988519167019,0.976227474399237,0.981005096623051,0
"remanei_genome_00016518",18.7649884584013,2.18708588605421,0.937419462410692,2.33309204017361,0.0196433151450857,0.041157422208751,1
"remanei_genome_00016587",67.4004210480961,1.18350135391657,0.669666788571579,1.7672988628285,0.077178190197358,0.12677804043086,0
"remanei_genome_00016591",8.58092516204134,2.76230815620284,0.909702505196362,3.03649615168047,0.0023934516395605,0.00661150766802362,1
"remanei_genome_00016592",1.9163000619985,0.866731459316036,1.22048874613245,0.710151127622094,0.477610423861009,0.573504914421796,0
"remanei_genome_00016597",1.53985384871887,0.279896386946594,1.41733224027951,0.197481140266305,0.843451038719388,0.870294539114143,0
"remanei_genome_00016684",7.56081123510608,4.85848932234966,1.15473570635164,4.20744703365927,2.58271912201128e-05,0.000119620675124733,1
"remanei_genome_00016687",4.24176737176547,2.92015854151072,1.1992577316543,2.43497161988904,0.0148929577320174,0.0321987274754979,1
"remanei_genome_00016688",17.6924310726257,2.39034401955456,0.64795506702938,3.68905830231925,0.000225085639031088,0.000830256009839223,1
"remanei_genome_00016692",649.148904344202,0.186510676367814,0.173908198454243,1.07246626683266,0.283510657585157,0.377536835948139,0
"remanei_genome_00016673",865.234611248708,0.910592362433406,0.344851725143668,2.64053300604498,0.00827757293720953,0.018609434048617,1
"remanei_genome_00016726",46.2889548144583,0.918755131940231,0.575796500287917,1.59562472415311,0.110572604104383,0.172001828606819,0
"remanei_genome_00000024",2278.66935491135,-1.51260124278246,0.19973472061969,-7.57305108540729,3.64558859438639e-14,7.74373301428282e-13,-1
"remanei_genome_00000109",7.8085662247419,-1.05408150142762,0.889349580692455,-1.18522741148301,0.235927544701713,0.326587342778102,0
"remanei_genome_00000130",26.1058321754271,-2.19637553283306,0.503251510415571,-4.36436948002272,1.27489940588881e-05,6.28270427222004e-05,-1
"remanei_genome_00000176",3575.10361915309,-2.81548386369344,0.674696147326276,-4.17296567477197,3.0066025212997e-05,0.000137190159490416,-1
"remanei_genome_00000299",167.344700618737,-1.61860392327555,0.291382455107836,-5.55491209200132,2.77751506913789e-08,1.88016404680103e-07,-1
"remanei_genome_00000380",5084.36140184674,-2.30607438445887,0.406873006429449,-5.66779891518495,1.44643573588095e-08,1.04824048623843e-07,-1
"remanei_genome_00000506",3.35170482850822,-0.759858896991307,1.00358734780466,-0.757142762564206,0.448964337094741,0.549533960438871,0
"remanei_genome_00000528",21.4464616143547,-2.55805211788761,0.45015685828962,-5.68257946264993,1.3267823350046e-08,9.7297371233671e-08,-1
"remanei_genome_00000563",508.301130024825,2.97731326771091,0.787490167642861,3.78076246541934,0.000156348793369737,0.000601942854473487,1
"remanei_genome_00000574",1.04598311302979,1.79680417644192,1.91734820822359,0.937129817492382,0.348691785314274,0.446389561617664,0
"remanei_genome_00000581",3.02087160885225,2.06837065264706,1.14362483266493,1.80860942642112,0.0705117029958722,0.118030459362656,0
"remanei_genome_00000658",505.980982098978,2.04436332944863,0.424471504894216,4.81625575775249,1.46277014899227e-06,8.11771542143457e-06,1
"remanei_genome_00000710",201.588136548771,-2.12635791916374,0.251403735999565,-8.45794081265133,2.72140172363817e-17,9.86107918683007e-16,-1
"remanei_genome_00000752",5.14351908045035,1.19746845214142,0.916691069090383,1.30629444588093,0.191452445168595,0.273630408872052,0
"remanei_genome_00000882",799.534900854537,2.12308867090087,0.279735047891924,7.58964129414748,3.20792297123125e-14,7.05743053670876e-13,1
"remanei_genome_00000971",2.93086463924993,-0.325892195792062,1.26490735190013,-0.257641158700288,0.796683861700411,0.830384532669125,0
"remanei_genome_00001012",6732.45742429591,-1.04699531471858,0.215830424027381,-4.85100893183509,1.22835013890331e-06,6.87876077785854e-06,-1
"remanei_genome_00001078",45.722213349532,-0.455290818038209,0.320882025473621,-1.41887292492062,0.155936067102505,0.230351600324084,0
"remanei_genome_00001072",21.5860572980875,2.10062697582626,0.475476579837875,4.4179399467846,9.96460965543744e-06,4.99040613638168e-05,1
"remanei_genome_00001204",210.684461931974,1.36567196418505,0.485403744786006,2.8134763665392,0.00490089885566915,0.0119799749805246,1
"remanei_genome_00001222",14190.367174657,-0.948155273674321,0.247174118520441,-3.83598120770039,0.000125063971120568,0.000490696854842484,-1
"remanei_genome_00001342",109.366250072545,0.964020954303578,0.458881692703656,2.10080499970205,0.0356580873913814,0.0667640785200333,0
"remanei_genome_00001321",1.58934928963055,2.98923568304452,1.82867075852505,1.63464946825942,0.102122551191313,0.162132710138786,0
"remanei_genome_00001438",3.10461778102729,1.91737019342937,1.05403559715107,1.81907536957177,0.0688999321921394,0.115962727405349,0
"remanei_genome_00001465",626.308597749081,2.89047612988879,0.291972649499688,9.89981813310865,4.17032720098319e-23,4.28153592634274e-21,1
"remanei_genome_00001625",2.39203315843873,2.97258096564562,1.20385375818013,2.46922098755523,0.0135407568014364,0.0295783907435632,1
"remanei_genome_00001588",2.3530757394307,2.49993498131555,1.2136014287046,2.05993081598789,0.0394051552228114,0.0723479405376327,0
"remanei_genome_00001825",3964.55352435193,-1.4940353925783,0.183286038686771,-8.15138677928192,3.59774419693281e-16,1.05533829776696e-14,-1
"remanei_genome_00001933",507.563032710768,3.44500566018531,0.500157723588952,6.8878385711315,5.66464372857358e-12,7.12126640163536e-11,1
"remanei_genome_00001884",1.58044477977364,3.53542782602507,1.57797094307062,2.24048981481584,0.0250591412734254,0.0493176710045687,1
"remanei_genome_00002015",26.7122406150663,-2.81132994572833,0.720538209328204,-3.90170834708334,9.55161994476824e-05,0.000384561953331846,-1
"remanei_genome_00002091",1.34435882558643,2.79229866151186,1.26857668585984,2.20112721023187,0.0277270194769924,0.0542217269772296,0
"remanei_genome_00002121",41.4497259710016,-1.91257066114643,0.583286568135754,-3.2789554322487,0.00104192089467682,0.00330836737691196,-1
"remanei_genome_00002105",71.5288012874651,2.8377462678523,0.550611483029845,5.15380872959107,2.55248295121898e-07,1.59948665728345e-06,1
"remanei_genome_00002106",100.415512830161,3.4155171543731,0.525401811111338,6.50077156595357,7.99090951900763e-11,7.93935526404629e-10,1
"remanei_genome_00002202",4.44657736545761,2.16353625810767,1.40662616442597,1.53810323796344,0.124023374432994,0.189508675426078,0
"remanei_genome_00002203",6314.38852923807,2.88320627713842,0.974420536237106,2.95889317796239,0.00308746104783015,0.0082332294608804,1
"remanei_genome_00002387",63.8036191188093,0.515724873700036,0.513148619728443,1.005020483097,0.314886986905218,0.413582908174018,0
"remanei_genome_00002737",264.735081435118,-2.1184690391694,0.280407302483884,-7.55497100255139,4.18953182214962e-14,8.60250534148055e-13,-1
"remanei_genome_00002780",41.964132475323,1.7247935551489,0.586205126962209,2.94230377016148,0.00325780182778877,0.00861290096960464,1
"remanei_genome_00002942",1.28520738257604,2.01804275428737,1.84191340452507,1.09562303489925,0.273243776841259,0.366706245172583,0
"remanei_genome_00003049",2.55536303244134,2.76057583414423,1.16199707763689,2.37571667543116,0.017514905701692,0.0374624371952857,1
"remanei_genome_00003105",2451.28846688219,-1.28542109794715,0.252543991211034,-5.08988985159823,3.58271564431481e-07,2.14267265718245e-06,-1
"remanei_genome_00003384",2.36208891485597,-2.51274233327182,1.16946854530137,-2.14861899737909,0.0316646145016423,0.0600166231784973,0
"remanei_genome_00003400",3.37794848488214,3.22651178788481,1.09552904468002,2.94516316436612,0.00322784393085229,0.00857048216122849,1
"remanei_genome_00003402",3.66569960296402,1.90474575000971,1.17669769748945,1.61872140488894,0.10550721924775,0.166221092216404,0
"remanei_genome_00003416",687.029810103489,-1.83749141261284,0.254396390229061,-7.2229460919565,5.08731853127535e-13,8.03535439811697e-12,-1
"remanei_genome_00003487",58.0368816768426,-0.344296148193618,0.844673776099989,-0.407608425803505,0.683561177391772,0.747910631036113,0
"remanei_genome_00003593",17.7280893500951,0.718308230261532,0.65794372937233,1.09174720906116,0.274944228600879,0.368186184387264,0
"remanei_genome_00003642",6129.95027890713,-2.57955109001051,0.814465139942818,-3.16717188189493,0.00153929308376589,0.00455867567115282,-1
"remanei_genome_00003636",22.9247097214251,-2.47857754096237,0.817596278556449,-3.03154210209782,0.00243307986490364,0.00666123198569175,-1
"remanei_genome_00003733",12.4291102116192,-0.1213307623898,0.803554015462156,-0.150992665153964,0.879981501920775,0.901944434581027,0
"remanei_genome_00010952",34.0978530370295,-1.8095000748448,0.4549359047507,-3.97748354427287,6.96484411108696e-05,0.000287942548485206,-1
"remanei_genome_00011038",1870.22196361467,-1.63080914680895,0.220261031382185,-7.40398397562783,1.32158378894427e-13,2.3943988646755e-12,-1
"remanei_genome_00011044",8.1518552098202,-1.79848833328077,0.659174900982928,-2.72839322401226,0.00636436907046826,0.0149635547611009,-1
"remanei_genome_00011052",1641.50505444082,2.09961659258039,0.286025053717149,7.34067371125016,2.12521341495631e-13,3.73751734672469e-12,1
"remanei_genome_00011099",6.95634554004983,-1.53614607217599,1.02591241286919,-1.49734621874769,0.134303194482318,0.201782360490507,0
"remanei_genome_00011107",29.3828963219889,-0.596349980955853,0.925972623976526,-0.644025498718168,0.519558899303003,0.61003324263482,0
"remanei_genome_00011140",8.85899360353187,-0.284011832891067,0.682987199474776,-0.415837709856751,0.67752876268016,0.742629391122738,0
"remanei_genome_00011128",238.208836930668,1.46047950866214,0.386974839124186,3.77409423301924,0.000160590055344185,0.000614431516099492,1
"remanei_genome_00011205",41.5121592175688,-1.06629603016416,0.460697584787555,-2.31452489740285,0.0206389471623597,0.0420979849404423,-1
"remanei_genome_00011298",30.5529417453641,-3.16058178909539,0.845976964726745,-3.73601400614528,0.000186960259168682,0.000702240973462855,-1
"remanei_genome_00011325",50.6323661241469,2.78775477343573,0.488166746094971,5.71066094881724,1.12538250021439e-08,8.45409292843978e-08,1
"remanei_genome_00011355",1.61834408163706,-0.389572304253758,1.47269892446565,-0.264529496003475,0.791371939497102,0.830384532669125,0
"remanei_genome_00011339",13.7576376702292,-1.6839720347215,0.568134962047405,-2.96403521559898,0.00303633537265722,0.00813209821546455,-1
"remanei_genome_00011394",2.14107183262112,-0.919135270987318,1.23727911237173,-0.742868170808636,0.457561497725353,0.555932707295498,0
"remanei_genome_00011497",16.7480552425523,-1.1498566618273,0.509377062719553,-2.25737817028558,0.0239844545752715,0.0475061865542355,-1
"remanei_genome_00011600",2.38067086543176,1.66848098870923,1.20786859444063,1.38134313317577,0.167173481873672,0.245187773414719,0
"remanei_genome_00011849",49.6502171517528,1.02460192384249,0.251315466463817,4.07695530346519,4.56292597075185e-05,0.000197941013942475,1
"remanei_genome_00011924",81.6306643152582,-0.918996173257415,0.316072873283161,-2.90754522433854,0.00364277667767538,0.00927252245226461,-1
"remanei_genome_00012148",5.39906440011746,-0.483176786216524,0.805040118226346,-0.600189698969355,0.54837981796796,0.630227551993029,0
"remanei_genome_00012198",486.407256190683,1.29658496088245,0.23441488460711,5.53115457260992,3.18129829359686e-08,2.13008668353877e-07,1
"remanei_genome_00012199",17.8745768523269,1.94989737922845,0.538119650735686,3.62353869917715,0.000290599700552705,0.00105299656200274,1
"remanei_genome_00012218",40.9591318134646,-2.71933863344088,1.02254061518179,-2.65939425101215,0.0078281300173173,0.0177938305928688,-1
"remanei_genome_00012288",1.12174605031746,-4.04627180935903,2.56114787310496,-1.57986653244415,0.114137435050084,0.17665492460013,0
"remanei_genome_00012359",4816.82389264373,-1.57050113097642,0.228610625249224,-6.86976438327966,6.43080300718825e-12,7.92274930485592e-11,-1
"remanei_genome_00012524",1388.45728059848,-1.7268154877572,0.261431980148443,-6.60521902017,3.96930072552422e-11,4.2199444042826e-10,-1
"remanei_genome_00012634",264.085791457944,2.23525739011993,0.356664474695925,6.2671153106168,3.67797801356819e-10,3.48559147132001e-09,1
"remanei_genome_00012933",29.3731812277544,-3.17378862950509,1.02590435448625,-3.09364963276178,0.00197710823680689,0.00563841978644929,-1
"remanei_genome_00013000",2670.31347042622,-1.56343002266299,0.229696045953061,-6.8065169175027,9.99899772514851e-12,1.2077220781748e-10,-1
"remanei_genome_00013066",8.55205962819626,0.946515778635102,0.631007364511526,1.5000074989106,0.1336124600669,0.201235392178998,0
"remanei_genome_00013068",25.5140495668615,-3.03990030549332,0.848854918294567,-3.58117770183953,0.000342048902501509,0.0012213795087232,-1
"remanei_genome_00013144",43.658028332549,2.67968345083893,0.59727319497331,4.48652890066274,7.23929014220464e-06,3.65524813737546e-05,1
"remanei_genome_00013249",29.0288814113357,2.01684144619714,0.487227724766308,4.13942258143148,3.48181073506167e-05,0.000156554409693284,1
"remanei_genome_00013214",11.3749638666508,0.224986080531435,0.728842364961597,0.308689630772615,0.757557632318567,0.803193634265469,0
"remanei_genome_00013294",2.42373098859737,-4.70444613239729,1.4372691352455,-3.27318385751999,0.00106343279392853,0.00335339093791678,-1
"remanei_genome_00013415",7.24108514712788,2.43192187808215,0.919011750820067,2.64623588970659,0.00813930362475687,0.0184331287972435,1
"remanei_genome_00013436",2393.18292403601,-1.44097239971077,0.174006286489239,-8.28115138127431,1.21989995007283e-16,3.95504404865718e-15,-1
"remanei_genome_00013435",3728.50772123258,-1.45031550395702,0.320019885715978,-4.53195432125176,5.84404887597241e-06,2.99994508966584e-05,-1
"remanei_genome_00013569",1.16572396450276,-1.99952635805774,2.47956287681182,-0.80640276427622,0.420010653579286,0.522679924454222,0
"remanei_genome_00013655",14.0005053496612,1.10549753832587,0.592091082779921,1.8671072246781,0.0618866157214497,0.106001432120743,0
"remanei_genome_00013652",6.18103826428515,1.66020019933307,0.726865212094134,2.28405510637928,0.0223682925323403,0.0451766170489234,1
"remanei_genome_00013656",31.8751914244102,0.885564541056115,0.462214598156875,1.91591642623878,0.0553757343051401,0.0969075350339951,0
"remanei_genome_00013620",2938.14126562284,-1.11874085688436,0.549430446555581,-2.03618285789917,0.0417319969325823,0.0762816323752839,0
"remanei_genome_00013662",226.051910763333,-1.40926627189067,0.605923158540281,-2.32581681691407,0.0200283251119444,0.0414008331173079,-1
"remanei_genome_00013679",8.16376361499046,0.257337629164985,0.636852084705196,0.404077548531711,0.686155694223651,0.749418275960583,0
"remanei_genome_00013724",3544.55321756749,-1.5449539804532,0.216053050673058,-7.15080845024077,8.6268301169416e-13,1.23584357024094e-11,-1
"remanei_genome_00013749",9116.88829309981,-2.41044835353149,0.584824180236309,-4.12166328785773,3.76146712237391e-05,0.000166695233624628,-1
"remanei_genome_00013762",15930.0251406805,-2.7922284174227,0.736765221732853,-3.78984829231686,0.000150739318654322,0.000587692533487737,-1
"remanei_genome_00013874",1.76388970570989,-0.48447789023191,1.30064064881303,-0.372491733726796,0.709526765461613,0.766784427792706,0
"remanei_genome_00013865",417.290937256095,0.8272466132652,0.307363715455802,2.69142573331547,0.00711473372425684,0.0164762254667001,1
"remanei_genome_00013871",45.5628037426949,0.667044688253468,0.39579702970985,1.68532009636976,0.0919268304793013,0.147465957227213,0
"remanei_genome_00013995",100.966160301526,3.36943523574422,0.720237216159396,4.67822983892924,2.89362095963325e-06,1.53661250959835e-05,1
"remanei_genome_00019957",8.01636056274784,-3.38088703575667,1.01510968719882,-3.33056326660242,0.000866704656302653,0.00281067235747719,-1
"remanei_genome_00007722",3.50955253650091,-0.362353010394547,1.14785285169198,-0.315678973886266,0.752246187630119,0.798937330310609,0
"remanei_genome_00007730",1.51003811580621,-2.47152008424468,1.48989684702862,-1.65885315427961,0.0971453863271295,0.155432618123407,0
"remanei_genome_00007824",1.49908478684449,-3.28885577136299,2.11158678289468,-1.5575281101421,0.119345151952877,0.183333201004918,0
"remanei_genome_00007829",6.90069992843445,1.76959195967116,0.779423892705258,2.27038454457585,0.023184261398544,0.046519560330629,1
"remanei_genome_00007863",28.5694584697263,-1.18343277595706,0.646737360553184,-1.8298506443865,0.0672722754135394,0.113845389161374,0
"remanei_genome_00008045",1185.12621206009,-1.60192853369564,0.22330282964696,-7.17379415311608,7.29472693987921e-13,1.09598824267453e-11,-1
"remanei_genome_00008136",1.6123685498889,-1.24550775077919,1.38518872668736,-0.899161050608454,0.36856688335291,0.466195482844748,0
"remanei_genome_00008186",139.41003393146,1.76034993784315,0.417851625416408,4.21285889719558,2.52158598732346e-05,0.000117674012741761,1
"remanei_genome_00008207",37002.3340240278,-1.07607546692814,0.261465999586592,-4.11554645204172,3.86263192538442e-05,0.000169955804716915,-1
"remanei_genome_00008216",151.289715777974,-0.488700077798296,0.410447289195429,-1.19065246783883,0.233790044985566,0.324357359709705,0
"remanei_genome_00008206",27473.1618164439,-1.13949137080428,0.229712074808725,-4.96052012830889,7.03046754979498e-07,4.12454096254639e-06,-1
"remanei_genome_00008260",1612.52494758736,-0.313721002262133,0.155601835677757,-2.01617802833529,0.0437813630943573,0.0790889139769034,0
"remanei_genome_00008445",815.922439972748,-0.140019370601928,0.185198345256954,-0.756050872958165,0.449618694904531,0.549533960438871,0
"remanei_genome_00008467",22.8263861924595,-1.67576158714576,0.49372276983897,-3.39413470375756,0.000688458198480102,0.00228005510894485,-1
"remanei_genome_00008500",892.628829523193,-1.29813963063553,0.23256584500958,-5.5818154664201,2.38020847182054e-08,1.64742518948478e-07,-1
"remanei_genome_00008667",22.2116131045033,-0.726387385537848,0.524550886575392,-1.38477963554723,0.166119859715919,0.244808214318197,0
"remanei_genome_00008652",3.33653186468764,-1.88899978245124,0.939753651463406,-2.01010102967906,0.0444204971193172,0.0797755866632635,0
"remanei_genome_00008673",5.76620958078369,-0.077094510421143,0.772133853729582,-0.0998460435956266,0.920466553160177,0.935655770209024,0
"remanei_genome_00008685",1820.86996995636,-2.10776946698952,0.656189729732664,-3.21213419150622,0.00131752818579552,0.0040178087250002,-1
"remanei_genome_00008705",4654.10523321252,2.20016325907774,0.278000300550175,7.91424777139998,2.4875247137991e-15,6.38464676541769e-14,1
"remanei_genome_00008719",22.1872466909642,2.45646413570471,0.649572554855901,3.78166244454347,0.000155784512497532,0.000601942854473487,1
"remanei_genome_00008855",29.5239343521365,-1.36340996180694,0.477511738130537,-2.85523863171343,0.00430045032494115,0.0106754434849481,-1
"remanei_genome_00009148",1.56075983424594,1.25949405218513,1.53236091926284,0.821930418840894,0.411116499279477,0.514731226740158,0
"remanei_genome_00009149",0.909553818968005,1.12203608929049,2.39866202972788,0.467775816427869,0.63994491652301,0.709003720464342,0
"remanei_genome_00009143",19990.5662901564,1.54081809895635,0.748212833362984,2.0593312895087,0.0394625130205269,0.0723479405376327,0
"remanei_genome_00009264",249.038212113476,-1.52489424874039,0.233529385379872,-6.52977459885792,6.58687430821916e-11,6.65166323584099e-10,-1
"remanei_genome_00009419",404.147537794227,-1.79628013072008,0.208457589694809,-8.61700518244463,6.87280248291138e-18,2.82243088631561e-16,-1
"remanei_genome_00009549",2405.56861212511,-1.77772995556698,0.204182666662549,-8.70656645162255,3.1321836117597e-18,1.48417315757229e-16,-1
"remanei_genome_00009635",11.177840438996,3.26550339684012,0.706007602154019,4.62530911406211,3.74040145357755e-06,1.96930538068698e-05,1
"remanei_genome_00009719",12.5341232394768,-1.50571137724534,0.569335263407903,-2.64468314896308,0.00817674431493934,0.0184500897362734,-1
"remanei_genome_00009929",31.5975790531756,3.16980590739985,0.885684648650786,3.57893287664927,0.000345000056035448,0.0012213795087232,1
"remanei_genome_00009973",15.412788995873,-0.667944967454745,0.381446957428946,-1.75108217393284,0.0799317563405618,0.129915466769884,0
"remanei_genome_00010048",3565.87540722178,-2.44135088813726,1.2124599090548,-2.01355184604865,0.0440566064504486,0.0793534198054864,0
"remanei_genome_00010051",943.026846600977,-2.24313922685688,0.786432178846935,-2.85229837637846,0.00434043377374416,0.0106948288185056,-1
"remanei_genome_00010082",3218.86393233021,-2.66493525868439,0.96472518817075,-2.76237760904478,0.00573820709594998,0.0136983098634827,-1
"remanei_genome_00010136",118.547502154783,-2.02780746570209,0.520453946749221,-3.896228433597,9.77022439673346e-05,0.000390808975869338,-1
"remanei_genome_00010144",306.220050085164,-2.70612553842627,0.39020161757867,-6.93519815529898,4.0565215198962e-12,5.31663246011928e-11,-1
"remanei_genome_00010154",1.83531115068863,-1.31521418654066,1.92087075009669,-0.684696868060723,0.493535225800003,0.585775913473607,0
"remanei_genome_00010191",206.110461503904,-1.85865906154599,0.451978358407917,-4.11227446396564,3.91780137560587e-05,0.000171160684210866,-1
"remanei_genome_00010215",14409.0905282995,-0.818414412226987,0.263916192564752,-3.10103902406894,0.00192842874163572,0.00555099114414768,-1
"remanei_genome_00010244",87.9401195530896,0.842728354709387,0.729407497164993,1.15536014914138,0.247942973925013,0.33840049747896,0
"remanei_genome_00010278",2.52363105045886,-0.29645758325126,2.02054807801202,-0.14672137054167,0.883351949900951,0.902396021789363,0
"remanei_genome_00010246",7.49361421118395,0.222755078116915,1.01556111000112,0.219341875071081,0.826383744416167,0.855550229513209,0
"remanei_genome_00010308",7.88675639825152,-0.735255638202594,1.04948588457854,-0.700586495737256,0.483561108440902,0.575978641113784,0
"remanei_genome_00010292",254.812876475418,-0.46627096972155,0.342545794323688,-1.36119309431938,0.173452675932157,0.251997283901436,0
"remanei_genome_00010375",2.70460119245415,0.398529450777395,1.07957965130275,0.369152429185267,0.712014111521798,0.766784427792706,0
"remanei_genome_00010352",56.8627063673625,-1.58836527861748,0.575251374582917,-2.76116728929003,0.00575951664714614,0.0136983098634827,-1
"remanei_genome_00010405",1346.19442613136,-1.3154656894132,0.184490670737617,-7.13025587772974,1.00182511061133e-12,1.40255515485586e-11,-1
"remanei_genome_00010399",37.5445200724058,2.10509384961718,0.462614730745278,4.55042546143277,5.353755055311e-06,2.77135555804334e-05,1
"remanei_genome_00010353",1.40435076117268,1.64939439682696,1.41600014838276,1.16482642936921,0.24408925840399,0.335622730305487,0
"remanei_genome_00010361",1075.33091263816,-0.59073721381011,0.253648371931659,-2.32896118871709,0.019861121870652,0.0413326049740596,-1
"remanei_genome_00010371",1.28657138567108,1.87942276095358,1.90276179367143,0.987734127942089,0.323282875732103,0.42191154968427,0
"remanei_genome_00010458",13.1223586903119,0.18583008769156,0.796407653091997,0.233335386683049,0.815500982255711,0.845704722339256,0
"remanei_genome_00010514",2973.0401271001,-0.744301770219046,0.185242927700335,-4.01797671554346,5.86999959250591e-05,0.000251105538123864,-1
"remanei_genome_00010522",4.13625651795059,3.04971082372198,1.12750526449631,2.70483067330456,0.00683392146252098,0.0158856438525016,1
"remanei_genome_00010488",4730.53798373721,5.56237225306934,0.932965174887705,5.96203631474117,2.49113764518637e-09,2.07370376950649e-08,1
"remanei_genome_00010544",658.723976162803,1.38711514276307,0.295796207695727,4.68942841954871,2.73969249245167e-06,1.46752223943498e-05,1
"remanei_genome_00010545",169.2338572289,1.29870570148949,0.463696274316419,2.80076803162596,0.00509811509188587,0.0123186875103907,1
"remanei_genome_00010585",1.81365489948667,0.627286059392632,1.33458085866386,0.470024768690787,0.638337321660872,0.708496919176751,0
"remanei_genome_00010605",69.9104289316276,2.05912808229789,0.486863476046822,4.22937472947727,2.34341723944216e-05,0.000111902714689641,1
"remanei_genome_00010610",2812.76003465837,-1.08609409615524,0.313725462067957,-3.46192524188546,0.000536326107977604,0.00183542712507891,-1
"remanei_genome_00010674",288.669830819269,-1.3950075261945,0.263877081298301,-5.28658085549124,1.24623745046087e-07,7.99669030712393e-07,-1
"remanei_genome_00010661",444.015591809406,0.784283347348842,0.269065422777239,2.91484256599613,0.00355868011539406,0.00917216297524159,1
"remanei_genome_00010758",672.303375459667,2.79808399034385,0.914974118198947,3.05810179183172,0.00222743899312247,0.00622717478322877,1
"remanei_genome_00010763",673.395107841419,-0.707690467050567,0.335480744330228,-2.10948162900806,0.034903030100626,0.0655495931158098,0
"remanei_genome_00010806",2.49951486993605,-1.6524286605846,1.22871478268694,-1.34484315145219,0.178675891815748,0.258367017273476,0
"remanei_genome_00016990",11776.8340612674,-0.926124744346476,0.266881384465989,-3.47017363612522,0.000520122007364847,0.0017899432755407,-1
"remanei_genome_00016984",16.6190243203772,-1.65845615937042,0.702146167554075,-2.36198135944778,0.0181775561782974,0.0386116365718317,-1
"remanei_genome_00016991",289.231896066746,0.995582461087505,0.329642628036393,3.02018724646738,0.00252618456694513,0.00688552961609823,1
"remanei_genome_00017061",5.2748615208493,1.04621366919379,0.944319046542092,1.10790275069089,0.26790381752849,0.361905157012171,0
"remanei_genome_00017085",364.758602448797,-0.761003755221389,0.490791052839817,-1.55056566499749,0.121005805731972,0.185421831668892,0
"remanei_genome_00017105",65.1747850916313,-0.730730836627413,0.314039109741136,-2.32687844908794,0.0199717355251557,0.0414008331173079,-1
"remanei_genome_00017121",1.17449894646241,-1.19397140311217,1.96908412281699,-0.606358758001697,0.544276548608339,0.626681035406985,0
"remanei_genome_00017176",4549.16672694998,-2.78671512678907,0.879819963141769,-3.16736973873373,0.00153824606149585,0.00455867567115282,-1
"remanei_genome_00017227",211.754397328981,-1.6875839676587,0.365363362934978,-4.61891951645692,3.8574343157629e-06,2.01371147331351e-05,-1
"remanei_genome_00017296",3588.03991871927,-0.793424739845388,0.307857545436624,-2.57724636477596,0.00995909403232287,0.0220148093136555,-1
"remanei_genome_00017415",342.996405144868,-0.718277586951194,0.374365531462524,-1.91865309860424,0.055028250851493,0.096573796366153,0
"remanei_genome_00017587",5.70681144277856,0.547661700496267,0.868348907120753,0.630693141898674,0.528241184124496,0.615116388318883,0
"remanei_genome_00017647",2.12057989532228,0.360512940935144,1.37797140793483,0.261625850042451,0.793609912539976,0.830384532669125,0
"remanei_genome_00017682",7.61427930488302,-1.9994373756971,0.921580556707306,-2.16957417465581,0.0300391195599435,0.0574661417668485,0
"remanei_genome_00017817",145.226508309999,0.209592186610592,0.535218494869961,0.391601165915455,0.695352926299462,0.756779863251711,0
"remanei_genome_00017900",1.56998115767356,1.31092443524501,1.87193078055226,0.700306041689348,0.483736199477445,0.575978641113784,0
"remanei_genome_00017991",86.2028991478439,0.94810769319666,0.408814586831857,2.31916307229666,0.0203861959225003,0.0417205870041867,1
"remanei_genome_00018084",37.2512700443821,-0.842501800072717,0.406810741352556,-2.07099202265797,0.0383595415574394,0.0709593921903384,0
"remanei_genome_00018117",1.80790355147998,-2.64614998717875,2.15697612193931,-1.22678687087163,0.219902706720697,0.307669776132496,0
"remanei_genome_00018206",156.752063296517,1.55915782656876,0.37317996744139,4.17803194865662,2.94042359100731e-05,0.000135171711347799,1
"remanei_genome_00018205",4.76530547104244,0.0719103198736449,0.989800987755273,0.0726512912830358,0.942083609984715,0.953738951902527,0
"remanei_genome_00018209",72.5927651421621,2.56326175881098,0.498751323293278,5.13935831164445,2.75678272851424e-07,1.69817816076477e-06,1
"remanei_genome_00018438",30.0652729102562,-3.19708644736233,0.959944340150527,-3.33049148126754,0.000866928162208872,0.00281067235747719,-1
"remanei_genome_00018483",5.61542534349879,0.290535841875234,0.819961906814021,0.354328462652756,0.723092739505875,0.773307513082672,0
"remanei_genome_00018490",1262.90496086279,-0.569348047026652,0.515222727310528,-1.10505227515614,0.269136938479966,0.362775391911726,0
"remanei_genome_00018687",11.6623060067825,2.63914220456399,0.739013277641891,3.57117021359237,0.000355389831387079,0.00125097220648252,1
"remanei_genome_00018794",9.2635537519579,-0.522879378243207,0.822878963183553,-0.635426838742227,0.525150068457191,0.61387585004546,0
"remanei_genome_00018872",1.36851384597927,-1.46689984598503,1.19053411778926,-1.23213591619613,0.217898316872937,0.305752535748813,0
"remanei_genome_00019084",4.4997009282498,-0.80692734923785,1.36111125462323,-0.592844520605495,0.553285209736966,0.634680985471082,0
"remanei_genome_00019080",1.03434661258567,2.85389197797495,2.66246413314418,1.07189875065273,0.283765511435046,0.377536835948139,0
"remanei_genome_00019097",5.74102026997588,-1.42817284650677,1.05164479162695,-1.35803729346419,0.174451850835089,0.252852564975094,0
"remanei_genome_00019118",33.9150601114506,-2.33531000934855,0.7015571059781,-3.32875255549254,0.000872358717305236,0.00281347104638757,-1
"remanei_genome_00019122",1.11333903273382,-0.511192011307598,1.98296987446646,-0.257791113163098,0.796568123411763,0.830384532669125,0
"remanei_genome_00019178",313.266057271589,-2.03357408635401,0.313104932394411,-6.4948644238934,8.31082197801831e-11,8.12613704517346e-10,-1
"remanei_genome_00019250",479.727879159819,-0.812451584422419,0.264439156081461,-3.07235734851665,0.00212375314573103,0.0059736618163028,-1
"remanei_genome_00019317",3.39235592654301,2.35401515999272,1.16123839925038,2.02715924784464,0.0426461293025767,0.0774926715350655,0
"remanei_genome_00019276",10.0889333363393,-1.8001799413538,0.968374286138243,-1.85897123366699,0.0630312159509995,0.107257538745347,0
"remanei_genome_00019316",37.2681833071396,3.04211583868125,0.547545799375269,5.55591119893934,2.76167254228735e-08,1.88016404680103e-07,1
"remanei_genome_00019382",256.874329364714,-0.312476928024086,0.458497866929609,-0.681523188137447,0.495540499463491,0.586943422513451,0
"remanei_genome_00019408",3340.50543327569,-2.58749118569102,0.530984138855149,-4.87301031490298,1.0991048200555e-06,6.21145476288245e-06,-1
"remanei_genome_00019415",0.956141075031836,-0.360404403356334,2.67743709230648,-0.134607981786741,0.892921830496218,0.909156772868877,0
"remanei_genome_00019304",303.943263510951,-1.12962890958379,0.2582477651743,-4.37420594451755,1.218752822333e-05,6.05444950449296e-05,-1
"remanei_genome_00019451",33.7510498432551,0.624506722754704,0.451410466275075,1.38345645351995,0.166524950854355,0.24481949815342,0
"remanei_genome_00019442",1965.98455645379,4.88890275544356,0.723126117908229,6.76078851858592,1.37242730979765e-11,1.56558374599139e-10,1
"remanei_genome_00019498",1.57267485399274,-0.811550567645272,1.58088584440276,-0.513351783443836,0.607705267026811,0.681869662092013,0
"remanei_genome_00019501",2.4343960422447,1.38146579792759,1.08734513663239,1.27049429972724,0.203908612053057,0.288091066570374,0
"remanei_genome_00019476",1.5159867610788,0.586671789325693,1.58270618855408,0.370676372891206,0.710878590324722,0.766784427792706,0
"remanei_genome_00019475",39.9218100004984,0.5485172591604,0.276047677950619,1.98703812048918,0.0469181726108305,0.0837727371833959,0
"remanei_genome_00019477",3.27593568862445,-1.04350965630161,0.986607190664015,-1.05767489450315,0.290203684740855,0.383616887983619,0
"remanei_genome_00019604",4.39405925950806,2.48023676615112,1.06417429506605,2.33066780286886,0.0197708832005082,0.0412842849203832,1
"remanei_genome_00019649",92.0573994824923,-3.09651587705848,0.465425553407822,-6.65308523433222,2.8701186392626e-11,3.15713050318886e-10,-1
"remanei_genome_00000310",528.997228257945,-2.4916567471843,0.357193626656299,-6.97564727150587,3.04465747421526e-12,4.16779778692578e-11,-1
"remanei_genome_00001064",26.5165743859415,1.75604279271952,0.425189947344714,4.13001954464329,3.62732395986006e-05,0.000161915330382159,1
"remanei_genome_00001185",2988.69288008268,-2.46007383655576,0.237778801815949,-10.3460603626894,4.36061974398096e-25,8.95380587430757e-23,-1
"remanei_genome_00003411",44.1205010379483,1.44045916969377,0.482218799104874,2.98714851508828,0.00281592889742416,0.00760794824918107,1
"remanei_genome_00003880",57.7387857720583,1.26380076402663,0.317347213360777,3.98239124472751,6.82253469609295e-05,0.000283964957621166,1
"remanei_genome_00004152",1.05180377664749,-0.529284494516778,3.02996940249241,-0.17468311530849,0.861328635805797,0.884297399427285,0
"remanei_genome_00004340",70.3625871952054,0.493986470117059,0.236386909611114,2.08973699486883,0.0366414318286887,0.068190700925898,0
"remanei_genome_00004583",3.5739375672399,0.433849154199168,0.979789868232247,0.442798163428579,0.65791173186544,0.722412882048326,0
"remanei_genome_00004620",19.1511498246088,2.2434640465407,0.681584836198674,3.29154043252035,0.000996402923809113,0.00319679271388757,1
"remanei_genome_00006297",643.374795345186,-0.531882229125287,0.353649429336148,-1.50398158459836,0.132586108466874,0.200670866868782,0
"remanei_genome_00006415",10.7473673826093,1.53838895216353,0.655509766031953,2.34685893617723,0.0189324210292035,0.040076877505118,1
"remanei_genome_00006512",50.5594281382506,1.22721785647432,0.358428958485694,3.4238803183178,0.000617338023070784,0.00208945177039342,1
"remanei_genome_00007302",21.6612328796015,0.888127912123237,0.688543868988148,1.28986394640096,0.197097900665996,0.281047006505217,0
"remanei_genome_00007314",26.8961340931956,0.583096527762586,0.531965873029816,1.09611641897544,0.273027830199099,0.366706245172583,0
"remanei_genome_00007419",14.7535729633663,1.06661202485073,0.599162037727967,1.78017290430371,0.0750476683019036,0.123607924261959,0
"remanei_genome_00007459",164.39538752555,0.565820197245247,0.608259331606758,0.930228551941152,0.352252761763971,0.449249899061296,0
"remanei_genome_00007524",48.6980426831423,0.965088031120816,0.538262797995434,1.79296810910013,0.0729780235261817,0.120521347163882,0
"remanei_genome_00008518",5.39927954651832,2.98826881055552,1.09728989772824,2.7233175268835,0.0064629907337012,0.0151376513002279,1
"remanei_genome_00009130",806.770258281493,2.73702287929247,0.267538935051158,10.2303721840304,1.44961188376574e-24,2.23240230099924e-22,1
"remanei_genome_00010302",22.352382370107,1.84912475306907,0.472673943715726,3.91205137844698,9.15154353457547e-05,0.000370878343243322,1
"remanei_genome_00011998",433.938316359969,2.18330588989324,0.291647567718673,7.48611040020497,7.09447254305137e-14,1.32430154136959e-12,1
"remanei_genome_00012459",2747.85987858726,2.99472335319401,0.408167000645683,7.33700507012236,2.18426338444949e-13,3.73751734672469e-12,1
"remanei_genome_00013092",9126.80252378582,-1.65247223656465,0.219071768630869,-7.54306338462548,4.59057887581718e-14,9.12192447581736e-13,-1
"remanei_genome_00013308",2.20584750510986,1.00973616782138,1.51784712070465,0.665242338340775,0.505895504653712,0.596995461430434,0
"remanei_genome_00014554",212.009788665097,1.57295068391488,0.321429097870965,4.89361633509087,9.89997484363891e-07,5.64665231822367e-06,1
"remanei_genome_00014973",5721.25567034893,-1.92491641056325,0.204806330824648,-9.39871537570453,5.5233281044674e-21,4.2529626404399e-19,-1
"remanei_genome_00015268",1227.35275987358,-1.33178279875935,0.198529777528915,-6.70822692361796,1.97003412898298e-11,2.20643822446094e-10,-1
"remanei_genome_00016114",105.279714876458,0.113727437939711,0.399457355861498,0.284704828365066,0.77587029117863,0.816984785241088,0
"remanei_genome_00016580",349.899617660899,1.84922165542858,0.519956956262822,3.55648988470087,0.000375842944685,0.0013154503063975,1
"remanei_genome_00016934",854.536595896386,-2.35707156450557,0.841605946932254,-2.80068311434509,0.00509945668043769,0.0123186875103907,-1
"remanei_genome_00016997",153.972736954088,-1.74271727094263,0.42790464269894,-4.07267670654546,4.64759148869174e-05,0.000200203941051336,-1
"remanei_genome_00017857",12680.2572128033,-1.20929617955266,0.18456353160053,-6.55219462407157,5.66975797204351e-11,5.91961171318441e-10,-1
"remanei_genome_00019180",5540.59981097142,-2.11406568324391,0.345465582709468,-6.11946830321968,9.38881031030339e-10,8.26215307306699e-09,-1
