"","baseMean","log2FoldChange","lfcSE","stat","pvalue","padj","mxf"
"remanei_genome_00008431",45.0902344879414,5.02126749884467,0.570868850375041,8.7958337463077,1.41989693175154e-18,1.81808541913403e-17,1
"remanei_genome_00008437",56.2149676825232,1.96023694281862,0.427138892674082,4.58922607245304,4.44892397436028e-06,1.75866860462967e-05,1
"remanei_genome_00008439",23.5051586374807,5.35492318973762,0.765888052624479,6.99178316124378,2.71414155612765e-12,1.75673557863647e-11,1
"remanei_genome_00010647",398.730269783856,4.2429743019513,0.418635613484101,10.1352445068853,3.8540815788507e-24,7.09391890607207e-23,1
"remanei_genome_00010649",2083.11911943816,5.94143953930637,0.615624293697146,9.65108037505297,4.86405500767416e-22,7.74304972843265e-21,1
"remanei_genome_00013180",510.074931587734,6.16794278141061,0.746667758635141,8.26062557285881,1.44910982782677e-16,1.42254281431661e-15,1
"remanei_genome_00013517",1147.36397616421,-1.71051088497505,0.220618311320437,-7.7532588964958,8.95637557522773e-15,7.22644549836867e-14,-1
"remanei_genome_00013520",61.9619327172866,-0.00364921516106031,0.268510018752465,-0.0135906108010981,0.98915659527559,0.992526805140243,0
"remanei_genome_00013523",53.3552917393364,1.02677386427791,0.356417402800366,2.88081854648668,0.00396643917370643,0.00981610366938273,1
"remanei_genome_00013557",33.2730135930531,0.403439201667338,0.301820320616726,1.33668667783193,0.181324932322355,0.284801027034312,0
"remanei_genome_00013561",17.7839598414078,1.25647660126389,0.370919736324778,3.38746224105938,0.00070542426515908,0.0020169654960131,1
"remanei_genome_00004457",804.303684198728,-1.15131802246845,0.239578938547952,-4.8055894622724,1.54296223355767e-06,6.26761900389977e-06,-1
"remanei_genome_00004739",2157.27856617307,-1.22152342891663,0.242739990710704,-5.03222985771815,4.84807487182902e-07,2.06921456486036e-06,-1
"remanei_genome_00007799",420.220973418815,-1.37893047235703,0.199568841446517,-6.90954791520688,4.86200632949128e-12,3.11274100877214e-11,-1
"remanei_genome_00007828",114.860361962228,-0.894285755599012,0.296523284666213,-3.01590398408571,0.00256214378321205,0.006589968071231,-1
"remanei_genome_00007866",495.475491153949,-0.446274679994794,0.191437890080757,-2.3311721614072,0.0197442834426268,0.0412880256893225,-1
"remanei_genome_00008357",902.605369742474,-0.671807020262633,0.228836742005409,-2.93574805503371,0.00332744454652031,0.00833985037404453,-1
"remanei_genome_00008386",2519.92108423626,-1.20675592484366,0.203719239622594,-5.92362276179348,3.14925433377541e-09,1.65617035945868e-08,-1
"remanei_genome_00009206",1192.06066734555,-0.880606998137854,0.261367564768513,-3.36922830848497,0.000753789635237769,0.00214484103939636,-1
"remanei_genome_00010128",20.3740915619417,-0.423384991302962,0.487076154939148,-0.869237771156868,0.384717091885597,0.496926243685563,0
"remanei_genome_00011995",156.50917914615,-0.468058503829101,0.33313547601533,-1.40500948571314,0.160018457596919,0.258718115605274,0
"remanei_genome_00004230",14.4962241723775,-3.50677313644689,0.706498450888983,-4.96359635613403,6.91996852150909e-07,2.89068188593536e-06,-1
"remanei_genome_00004239",10.3661333477108,-3.87368769131995,0.844676309400873,-4.58600252926183,4.51813128640891e-06,1.77411955179656e-05,-1
"remanei_genome_00004428",22.0803459153078,-4.26304335851869,0.671574044328998,-6.34783817885354,2.18361588975867e-10,1.24868908647365e-09,-1
"remanei_genome_00004472",58.7363142996647,-4.54579414247028,0.543399568678754,-8.36547248928285,5.98745000476168e-17,6.18703167158707e-16,-1
"remanei_genome_00004473",4.80221455308872,4.79677699249936,1.14020665453518,4.20693649999335,2.58855838340798e-05,8.86430748736803e-05,1
"remanei_genome_00019770",99.2123350726947,-5.76374128830706,0.683295209097481,-8.43521396252727,3.30597427765781e-17,3.60596083248231e-16,-1
"remanei_genome_00019781",7.79089697257055,-4.36239850207576,1.12419478282661,-3.88046499478248,0.000104256950063079,0.000331931586957586,-1
"remanei_genome_00007944",2.39575431850651,1.58291575513461,2.21554081414576,0.714460209908128,0.474942652205182,0.576786025049179,0
"remanei_genome_00010091",149.679637643885,-0.215070530435729,0.752324978461028,-0.285874504493633,0.774974241663039,0.83778734650741,0
"remanei_genome_00020044",16.497549306535,1.62626009220105,1.20360855549972,1.35115364939047,0.17664621871622,0.278940007570653,0
"remanei_genome_00000199",335.38634260926,5.82300504693385,0.516305012531453,11.2782268341412,1.68100049624186e-29,4.50049678312025e-28,1
"remanei_genome_00000669",9559.84202924861,6.08941956497859,0.793992841576914,7.66936330670773,1.72852200172547e-14,1.33960455133724e-13,1
"remanei_genome_00011893",7.67390413539921,5.42292037565553,1.2250255633577,4.4267813977626,9.56495784623374e-06,3.4992299201439e-05,1
"remanei_genome_00012691",1.30930300749739,2.7805203537457,2.29244453337466,1.21290627243773,0.225165657241093,0.330718265968702,0
"remanei_genome_00002285",10.0496227214672,0.69146207836589,0.684457560545415,1.01023367732967,0.312383347932332,0.421038425474013,0
"remanei_genome_00003886",9.17754679367991,1.19294553676102,0.833718043313698,1.43087407826695,0.15246630740664,0.248760817347675,0
"remanei_genome_00011861",2.30859731101385,-1.33444679452945,1.10152012934039,-1.21145929065185,0.225719427706992,0.330718265968702,0
"remanei_genome_00019817",3.41980456360396,4.16492197344342,1.6632592678833,2.50407260844173,0.012277283590762,0.0268822306132299,1
"remanei_genome_00020036",6.4362696919719,3.3606306083537,1.02209543035099,3.28798124769977,0.00100908560597604,0.00277734309308359,1
"remanei_genome_00013174",11825.4439707668,-1.64861744094458,0.222684445891547,-7.40337940687378,1.32761727223927e-13,9.26256613508896e-13,-1
"remanei_genome_00013179",300.411126696771,-1.85468753820949,0.198352719126841,-9.3504517930176,8.7274125071855e-21,1.22391570636482e-19,-1
"remanei_genome_00013182",6334.50414885897,-1.84124072418829,0.194884757177731,-9.44784369415361,3.45882353626626e-21,5.22371041759187e-20,-1
"remanei_genome_00013549",4997.23714869965,-1.55114351351516,0.221294102305551,-7.00942093510214,2.39306477337426e-12,1.56612794613049e-11,-1
"remanei_genome_00013551",102.018004671839,0.0461509467322452,0.385825426399847,0.119616136144477,0.904787236709422,0.939893619791622,0
"remanei_genome_00013588",2172.14077592411,-1.11830240323936,0.21587581457833,-5.18030426624555,2.21524265631041e-07,9.88468124671843e-07,-1
"remanei_genome_00013291",88.6177894637433,1.00821231397897,0.257086150081393,3.92169050592485,8.79298883078762e-05,0.00028202181248875,1
"remanei_genome_00020035",2.37386842310372,2.92630414893361,1.45308391436965,2.01385764441764,0.0440244815572498,0.0844639076130949,0
"remanei_genome_00010364",890.212099593426,-0.166449407785936,0.325181438226415,-0.511866263627391,0.608744610595386,0.700294093048208,0
"remanei_genome_00010365",2330.60999938862,0.145369808398225,0.449571657496822,0.323351808269302,0.746428822160647,0.815670827926941,0
"remanei_genome_00010366",1035.47033034777,-0.179060432689086,0.375320102761669,-0.47708724198765,0.633299999087218,0.715957196664821,0
"remanei_genome_00010367",211.413086243421,0.00556135233523042,0.300916031617492,0.0184814092666877,0.985254808289738,0.992165954194513,0
"remanei_genome_00010369",438.724488610257,0.119204412047744,0.417416186457427,0.285576879659173,0.775202213661355,0.83778734650741,0
"remanei_genome_00003899",228.016994094604,2.54985031666543,0.220810955479452,11.5476621670736,7.5855814447261e-31,2.48217081719093e-29,1
"remanei_genome_00003903",7.82646415656401,2.81022641050264,0.789040915865846,3.56157247868302,0.000368640310879382,0.0011078017505508,1
"remanei_genome_00016195",5220.67459835426,2.53903277625205,0.291570187198303,8.70813576878217,3.08913168806192e-18,3.79062200889265e-17,1
"remanei_genome_00020005",20.3411950368277,3.13162758413591,0.70465538360007,4.44419734386544,8.82206007992105e-06,3.28611292744625e-05,1
"remanei_genome_00004463",1.33617558993488,-3.21272104009609,2.01694174011337,-1.59286754604796,0.111189908207361,0.189828567925031,0
"remanei_genome_00004804",16.4037956295871,-4.43205312916005,0.677588710066004,-6.54091938563782,6.11417843650014e-11,3.63762737282685e-10,-1
"remanei_genome_00004805",151.991832411373,-5.49495093535367,0.6898435439177,-7.96550316923634,1.6455281678185e-15,1.51440014194546e-14,-1
"remanei_genome_00007598",9.38062635450567,-4.24773644031639,1.03419121264335,-4.10730277765498,4.00306332748971e-05,0.000135505994246634,-1
"remanei_genome_00007601",12.0892584397195,-6.82694750860885,0.951720524592161,-7.17326918165854,7.32276676315989e-13,4.84619058820357e-12,-1
"remanei_genome_00015743",809.759669479548,-0.691441445723223,0.232619795345885,-2.97241017126299,0.00295471657843556,0.00743729942178865,-1
"remanei_genome_00019354",575.824058375143,-2.29595223152584,0.191788514465394,-11.9712707401992,5.025301186496e-33,1.86190108727558e-31,-1
"remanei_genome_00017350",2.64394900827245,0.937044536369386,1.66684383379617,0.562166963317316,0.574002267881153,0.669479872835642,0
"remanei_genome_00004244",8.20445894804759,-0.285982519059719,0.616356112792032,-0.463989101631923,0.642655553845225,0.723755489894527,0
"remanei_genome_00004246",6.16818630642384,1.6357017436675,0.608941428598356,2.68613969562313,0.00722828606505865,0.0168946844933315,1
"remanei_genome_00019838",15.7413519330536,-0.539928144492531,0.507259555022494,-1.06440211750883,0.287146574945562,0.397017212776845,0
"remanei_genome_00004411",5.91202698077249,0.153670954722515,0.665487807742965,0.230914755964798,0.817381026903879,0.873752132207595,0
"remanei_genome_00013964",4.11929591328316,2.31000936402188,1.13423609523448,2.03662127640572,0.041688008973837,0.080242605508464,0
"remanei_genome_00007559",103.00611525886,-3.25461024803265,0.439757447604248,-7.40092127094931,1.3524290112354e-13,9.26256613508896e-13,-1
"remanei_genome_00007613",2.22070717245011,-3.45865796470962,1.75168706355606,-1.97447251661965,0.0483280394976247,0.0918232750454869,0
"remanei_genome_00019955",176.601367102037,-5.12350028816742,0.741949751402674,-6.90545455198458,5.00429283452713e-12,3.16938546186718e-11,-1
"remanei_genome_00000707",3.65401693313508,1.65243450147442,0.913168330227444,1.80956177166465,0.0703637727278489,0.128708888623301,0
"remanei_genome_00019819",1.46783859728764,2.33200793746097,2.17476660785447,1.07230262274517,0.28358412913983,0.394872463506761,0
"remanei_genome_00020034",1.53326960910689,1.99804630969962,1.33805480600925,1.4932469886333,0.13537254634088,0.224604027590925,0
"remanei_genome_00007917",14.982610159335,-0.822387639830471,0.598943299017641,-1.37306426364451,0.169732369450382,0.270097064021025,0
"remanei_genome_00007967",9.95980932197979,-1.89035391407071,0.615154923367844,-3.0729720957469,0.00211938304653331,0.00558945622896854,-1
"remanei_genome_00000452",7.02305405755089,-3.40688783649667,0.962133787581056,-3.54097099641629,0.000398657398446214,0.00118590508931727,-1
"remanei_genome_00000455",6.5372777891376,-0.73188234760973,1.01255364002937,-0.72280847026386,0.469797562717426,0.573164899096777,0
"remanei_genome_00000701",18.2042030027088,-1.50106956184992,0.578960371034437,-2.59269828635756,0.00952262699327736,0.0214897597664382,-1
"remanei_genome_00003306",2228.83844683078,-0.273028120356838,0.235663930612979,-1.15854861474419,0.246640224636536,0.353457645525352,0
"remanei_genome_00003307",8315.31157713673,-0.903715919149854,0.208569524131507,-4.33292410726336,1.47141843578508e-05,5.22087625709283e-05,-1
"remanei_genome_00003355",7522.74370245359,-0.6753340415567,0.196979118001442,-3.42845499771076,0.000607027165242661,0.00176127586368437,-1
"remanei_genome_00011108",363.375722335102,-0.485733466576348,0.366512730447343,-1.32528402487818,0.185076965477821,0.289152076038293,0
"remanei_genome_00011110",13.3590529836685,-1.78888532553244,0.734283572428784,-2.43623225781201,0.0148411518481194,0.0320199210203016,-1
"remanei_genome_00013925",2.08198358578214,-1.18941188089717,1.02378473426717,-1.16177926969048,0.245325136749252,0.352430501330024,0
"remanei_genome_00013927",9.01627708219952,0.844622892917992,0.894810314561289,0.943912781483858,0.34521421994644,0.454461227087749,0
"remanei_genome_00013928",3.03672837301699,2.36180988741176,1.10651140753485,2.1344650143947,0.0328047345562627,0.0648388880994589,0
"remanei_genome_00019748",2.96823264802765,-3.02425221502653,1.34228118030591,-2.25306907330497,0.0242547940979354,0.0496044226516804,-1
"remanei_genome_00007842",8.79906120695387,-4.49188768347447,1.02794390072041,-4.36977901257687,1.24372335827801e-05,4.46678693918139e-05,-1
"remanei_genome_00010261",1.50599303069812,1.458134463466,1.62389497066808,0.897924120588975,0.369226004296783,0.480075312430034,0
"remanei_genome_00016996",28.5404927060862,0.186788094350657,0.493055735216036,0.37883768712033,0.704808399392956,0.781793120983901,0
"remanei_genome_00017022",2.72298717336509,-2.93697632279948,1.57429946982219,-1.86557664478614,0.062100619728206,0.115037838989367,0
"remanei_genome_00017025",3.09620395739744,-1.00544616806885,1.09692571567341,-0.916603698593758,0.359350345553254,0.469306770578419,0
"remanei_genome_00004243",7.84324422071482,2.66943260642229,0.961694780043979,2.77575865213724,0.0055073073710523,0.0132400164961216,1
"remanei_genome_00019839",4.67750481014834,-2.51662326081589,1.1863208237024,-2.12136819192109,0.0338908298532857,0.0663179361580906,0
"remanei_genome_00004245",4.24918878262639,1.72394900155058,1.17888359132845,1.46235727957493,0.143643329693633,0.236329388797626,0
"remanei_genome_00019837",2.12196562112167,0.0783021189361997,1.24371525425524,0.0629582363553853,0.949799760870574,0.971236213806889,0
"remanei_genome_00004331",3.2416097736275,3.40621938275902,1.12718904421224,3.02187055512017,0.00251217951148286,0.00651838648574186,1
"remanei_genome_00004430",7.10581751420519,4.23428289525485,0.953020859642646,4.44301176874825,8.87083116237613e-06,3.28611292744625e-05,1
"remanei_genome_00004543",1.51310181274138,-0.126816874178743,1.33771741240561,-0.0948009445064251,0.924472936645072,0.956967591711683,0
"remanei_genome_00005568",9.41249610695564,-4.73216623767979,0.981084046109898,-4.82340555474664,1.41127607451665e-06,5.77251116590492e-06,-1
"remanei_genome_00007200",782.566152406815,-4.94318528526965,0.642865396844111,-7.68930060559525,1.47941499592851e-14,1.16183391013586e-13,-1
"remanei_genome_00007403",69.9662798693916,1.20617586022804,0.471565477474995,2.55781204910615,0.0105333005777393,0.0235897872254315,1
"remanei_genome_00007420",3.39673214427298,0.802485601757084,1.09519616282759,0.732732298554822,0.463721720511307,0.569025194544083,0
"remanei_genome_00007422",14.1425989794383,1.4314273430236,0.807012692149923,1.7737358494452,0.0761068536350649,0.137085433611784,0
"remanei_genome_00007489",16.4808877063993,-1.49495217942924,0.70290929614375,-2.12680666997966,0.0334361498872852,0.0656463076120365,0
"remanei_genome_00007494",60.1492715380889,0.390776491992764,0.412872044553971,0.946483292214477,0.34390214008246,0.454166727597688,0
"remanei_genome_00000706",1.5946319192885,-1.59828464402258,1.57906181813439,-1.01217357399655,0.311455069009749,0.421038425474013,0
"remanei_genome_00000502",3.61788064495133,-2.44551110452257,1.12972154794003,-2.16470254018062,0.0304104724339923,0.0610971264355469,0
"remanei_genome_00014270",6.41251375019092,-5.51955958676416,1.36327953508352,-4.0487364804651,5.1494885759271e-05,0.000170689022019338,-1
"remanei_genome_00014293",5.54988242400027,1.81246339325754,1.37550687268551,1.31766945643749,0.187614323458918,0.292340837347362,0
"remanei_genome_00014297",6.02201486021762,1.40597298532851,1.34967615634755,1.04171136069656,0.297545520257029,0.407568166119511,0
"remanei_genome_00014515",716.753590961972,-1.19512208013482,0.213656921852323,-5.59365018354458,2.22344720746355e-08,1.10983932643731e-07,-1
"remanei_genome_00017645",1042.4152367023,-2.17238644757199,0.268145140433434,-8.10153204365558,5.42713459275276e-16,5.15577786311512e-15,-1
"remanei_genome_00014529",17.9485003867757,-0.537716079610276,0.731866145012504,-0.734719160429383,0.462510548742535,0.569025194544083,0
"remanei_genome_00014530",8.31701111131841,1.5692354365726,0.809671786998683,1.93811302526606,0.0526094346821204,0.0993171699607979,0
"remanei_genome_00000825",1947.21993142262,-1.83670056918842,0.243092459689955,-7.55556372061473,4.17049582290811e-14,3.07052754961609e-13,-1
"remanei_genome_00019907",8.44062275245195,-1.65694550131615,0.718487732032526,-2.30615698423802,0.0211018621756276,0.043764073314946,-1
"remanei_genome_00002433",80.119172371004,-0.600106824641672,0.290651554638529,-2.06469504485534,0.0389518637334877,0.075669709972473,0
"remanei_genome_00010816",2.22798183932751,2.32369968743943,1.39347195264073,1.66756114684321,0.095402876498,0.165758980110094,0
"remanei_genome_00010946",1305.82748668071,-0.354455566068228,0.323169561995945,-1.0968098724368,0.272724513622587,0.382463663151675,0
"remanei_genome_00011270",12.1543736666196,-2.85131212851407,0.774849780242924,-3.67982569165878,0.000233393432346953,0.000719731579331704,-1
"remanei_genome_00011271",2.4307502304973,-4.1410681452703,1.30079255421866,-3.1834961937937,0.00145508026335946,0.00396778831073482,-1
"remanei_genome_00011286",3.91907495780062,0.663798760823342,1.0062883173783,0.659650668063751,0.509478031130685,0.609923903121898,0
"remanei_genome_00011287",4.06013091304317,-1.68225088776104,1.1211757679831,-1.50043457573763,0.133501868814219,0.222125990767161,0
"remanei_genome_00011402",1.84028642759746,-0.279395492513821,1.52661009364412,-0.183016929913574,0.854784734824795,0.900658691971028,0
"remanei_genome_00011527",15.8987149646852,-0.522247019138381,0.420470755138422,-1.24205313391285,0.214216958530749,0.321052897136415,0
"remanei_genome_00011530",48.5982628338659,-1.04011579579299,0.344761658248666,-3.01691261457731,0.00255363415530607,0.006589968071231,-1
"remanei_genome_00013532",2.79464359474547,1.45770727519317,1.16976802119731,1.24615073140839,0.21270906291567,0.320423626745088,0
"remanei_genome_00013572",13.894624105535,0.191740247821669,0.503915645829584,0.380500683811894,0.703573789042853,0.781793120983901,0
"remanei_genome_00013744",356.803282953352,3.69106552740921,0.441018482125076,8.36941234213943,5.79062855912827e-17,6.09050039522598e-16,1
"remanei_genome_00013745",376.076156006386,4.2175879958448,0.54229608773566,7.77727903856952,7.41010406867443e-15,6.1472553471116e-14,1
"remanei_genome_00013818",1591.5790159632,4.96478239323859,0.629450216163782,7.88749017117941,3.0832442643178e-15,2.63192879954085e-14,1
"remanei_genome_00013819",14.6844397783577,-0.023536304088992,0.503808044476125,-0.046716808806548,0.962738933481929,0.979366548913396,0
"remanei_genome_00008417",10.096806891671,0.168696923150766,0.663159185390168,0.254383754108018,0.799199100593258,0.859729381208806,0
"remanei_genome_00008376",7.97843727534833,5.40114228358292,1.00171901413284,5.3918735767021,6.97268191760992e-08,3.25945210275575e-07,1
"remanei_genome_00008392",46.4104526992305,-0.349867843578662,0.363934955669386,-0.961347180666253,0.336377632607333,0.447237981051285,0
"remanei_genome_00010268",7.80633340334753,-0.429254755818616,0.848116892964025,-0.506126878711782,0.612767582554185,0.702179194794582,0
"remanei_genome_00010272",3.78616609151547,-1.44120580323202,1.17114652033196,-1.23059393356137,0.218474775287016,0.324953643040536,0
"remanei_genome_00010254",2.51352047884922,-4.07622735346372,1.2115792949121,-3.3643917245709,0.000767125777662051,0.00216895309162284,-1
"remanei_genome_00019364",22.9317086182087,-0.95693864294444,0.372679892216473,-2.56772276404062,0.0102368991201248,0.0230134869532576,-1
"remanei_genome_00019365",51.6625480250863,-0.168925602384044,0.349949264694525,-0.482714551583644,0.629298429603539,0.714174903731184,0
"remanei_genome_00003315",59.8808787651705,0.0249536699520832,0.38133611885424,0.0654374676782751,0.947825693100264,0.971236213806889,0
"remanei_genome_00003364",207.236697386245,0.128047171814346,0.286074152997187,0.447601331587637,0.654440941974439,0.735621593173559,0
"remanei_genome_00004372",42.7078608435827,2.77397325578782,0.417260406613617,6.64806248524921,2.96976237574861e-11,1.8032887003257e-10,1
"remanei_genome_00019338",13.8383103237093,-2.12974557140961,0.474694034808422,-4.48656485070248,7.23806929788714e-06,2.7683265041919e-05,-1
"remanei_genome_00014363",1524.74182455355,6.20219714478857,0.832063979105058,7.45399067924976,9.05583985818893e-14,6.42637310418467e-13,1
"remanei_genome_00003877",135.677985466398,-0.805854205006059,0.226687418833131,-3.55491367431937,0.000378103207355738,0.00113047101082502,-1
"remanei_genome_00003885",7.80753543537123,1.55074026824096,0.557437263325386,2.78190994801824,0.00540400325071598,0.0130449094863595,1
"remanei_genome_00003896",7.29791794495486,0.169312369889122,0.744035848118014,0.22755942515053,0.819988766393146,0.874951781531817,0
"remanei_genome_00003893",51.2761246959054,2.09964102175814,0.356119890369625,5.89588247817014,3.72684162738893e-09,1.94257497215228e-08,1
"remanei_genome_00003914",17.0731138835554,-1.85773944792987,0.617276708578726,-3.00957321426771,0.00261615017052941,0.00669961934974707,-1
"remanei_genome_00003919",11.3895533497501,3.60478983971487,1.01852879368463,3.53921250146907,0.000401322651256682,0.00118783437985018,1
"remanei_genome_00004009",15.4388183096997,2.00263519449841,0.794078396499934,2.52196156365095,0.0116702459167655,0.0256727055310573,1
"remanei_genome_00004045",7.05177915546348,-2.54133513894323,1.19416249934658,-2.12813175789207,0.0333261608871065,0.0656463076120365,0
"remanei_genome_00004105",15.3715010570556,0.843248591778914,0.736411440136888,1.14507807160379,0.252176818248957,0.359641999875632,0
"remanei_genome_00004129",2.82674994867863,-0.248517329267933,1.27818385113227,-0.194430033713683,0.84583917510616,0.89843437488694,0
"remanei_genome_00004142",17.5676857218563,-0.236303663364438,0.57075526719438,-0.414019242478512,0.678860014556031,0.761616282997148,0
"remanei_genome_00004154",43.359120218257,2.92430343051563,0.557871647426239,5.24189290494866,1.58937614181785e-07,7.14612631702835e-07,1
"remanei_genome_00004160",7.16682898024437,0.063564853002885,0.707517406562153,0.0898421048207823,0.928412688650591,0.959359778272277,0
"remanei_genome_00004161",15.4198272806434,0.0227414156532074,0.527267840616061,0.0431306707927346,0.96559737028391,0.980580777753832,0
"remanei_genome_00004170",7.0267683858017,4.39887498898287,1.11492472537659,3.94544572280166,7.96516738159903e-05,0.000257773823503397,1
"remanei_genome_00004192",19.5071534442144,0.702712858957522,0.530124336990272,1.32556234438718,0.184984705991786,0.289152076038293,0
"remanei_genome_00004196",2.7959779743003,1.53199516390686,1.33775019868644,1.14520271827368,0.252125192607351,0.359641999875632,0
"remanei_genome_00004202",38.2821308640385,0.49610058904489,0.370026888493279,1.34071497091731,0.180013011987146,0.283496427969062,0
"remanei_genome_00004224",4.07240752220737,1.03082739732243,1.24842407960294,0.825702911506069,0.408972640281291,0.519679358875813,0
"remanei_genome_00004218",66.6770687969934,0.472405317691661,0.307890639060223,1.53432828985509,0.124948909419077,0.210873660882053,0
"remanei_genome_00004256",15.2264363800688,0.187733668039387,0.45810509840168,0.409804799585042,0.68194914513928,0.762405143478635,0
"remanei_genome_00004284",3.71673242235881,1.01435033442743,0.779916459726646,1.30058844351477,0.193399364830737,0.299429051394347,0
"remanei_genome_00004275",8.63331010628209,2.28300256652147,0.804419726910921,2.83807381910997,0.0045386684638835,0.0111386488551141,1
"remanei_genome_00004264",2.71689740015855,1.02029849400021,1.24367581050782,0.820389433789499,0.411994137042155,0.521859240253396,0
"remanei_genome_00004311",21.5108702749018,0.690082189104294,0.568701430609494,1.2134349448791,0.2249635726805,0.330718265968702,0
"remanei_genome_00004324",52.1071898852601,-0.972971900294716,0.469976423476296,-2.07025682926367,0.0384283000014379,0.0749479096054533,0
"remanei_genome_00004342",20.0538547329747,0.879990335175205,0.609963677388039,1.44269301238307,0.149106968516748,0.243955567934346,0
"remanei_genome_00004374",40.7526795464963,-1.87745623874552,0.463760181781381,-4.04833427383502,5.15834395915826e-05,0.000170689022019338,-1
"remanei_genome_00004388",2.43018570377888,3.22692618657751,1.80856055044874,1.78425111936498,0.0743828691188854,0.135220709601924,0
"remanei_genome_00004383",35.8127026933366,-1.94194942696115,0.436587368617063,-4.44802018233484,8.66653884702016e-06,3.2721739621121e-05,-1
"remanei_genome_00004402",1.65940931726403,1.75821219369869,1.29946197926119,1.35303088644296,0.176045763332402,0.278739125276304,0
"remanei_genome_00004405",5.63515898045953,-1.2099241602331,0.679505320712809,-1.78059556467325,0.0749785448820758,0.135467370967922,0
"remanei_genome_00004410",1.97368677047903,-1.88292765058116,1.67221953412427,-1.12600505624833,0.260163379138859,0.36704208108604,0
"remanei_genome_00004498",33.8080197174606,0.697753773896754,0.561495788013555,1.24266964916202,0.213989592588533,0.321052897136415,0
"remanei_genome_00004513",21.4921215647854,2.27732278947134,0.519012319429712,4.38780102941227,1.14502451892746e-05,4.16308297313751e-05,1
"remanei_genome_00004512",20.9851793854044,1.19108840471991,0.526597122520253,2.26185893120617,0.0237061204604224,0.0489926489515397,1
"remanei_genome_00004541",6.20767380037716,1.52777121786226,1.25480968694108,1.21753221525297,0.223401787046089,0.330116801163452,0
"remanei_genome_00004552",15.3329020938009,0.480392287348473,0.590922909110908,0.812952552594827,0.416245262200288,0.524985994509571,0
"remanei_genome_00004553",7.81123828059901,0.596700796116301,0.546010777761628,1.09283702889983,0.274465360451983,0.383990729943511,0
"remanei_genome_00004579",28.7547162802628,-0.342922320591197,0.602546995125098,-0.569121285751332,0.569273834028089,0.666604946804263,0
"remanei_genome_00004584",10.5608680914848,0.760627794232337,0.592812408682923,1.28308345623577,0.199462839136987,0.305152239614767,0
"remanei_genome_00004576",6.23067297236751,0.560460773573018,0.953956341415285,0.58751197433367,0.556859910757276,0.655980974872071,0
"remanei_genome_00004577",8.68727472342549,-1.63752732982721,0.943036836575953,-1.73644047222255,0.0824859813089862,0.145461805362254,0
"remanei_genome_00004592",3.12510296965202,1.67647429799382,1.03501204091331,1.61976308653807,0.105283178565601,0.181321029751868,0
"remanei_genome_00004621",20.9568094532202,2.75817321972206,0.505279469972954,5.45870826667407,4.79611053577838e-08,2.27815250449473e-07,1
"remanei_genome_00004622",2.40675434090478,1.33861068545846,1.37174617642036,0.975844298652708,0.329141628590764,0.440433551961295,0
"remanei_genome_00004628",636.15991655198,0.506962196210034,0.247443476801472,2.04880000379553,0.0404816754087674,0.0781760879205378,0
"remanei_genome_00004633",15.7257151579532,3.63119202903744,0.682417852670373,5.32106833786397,1.03159639196061e-07,4.74695527238123e-07,1
"remanei_genome_00004634",26.4670951265171,2.02482679281525,0.606385583757018,3.33917369913367,0.000840280044359209,0.00234561585842452,1
"remanei_genome_00004644",1459.18712281606,-1.19540123577568,0.344198020156139,-3.47300439216183,0.000514666932727643,0.00150068724443852,-1
"remanei_genome_00004704",109.815806992388,1.50656931268628,0.356612121297574,4.22467219343094,2.39288830329566e-05,8.290654180242e-05,1
"remanei_genome_00004690",8.43483295224845,0.48948823599922,1.05099883520242,0.465736230720889,0.641404315397937,0.723730156646331,0
"remanei_genome_00004768",83.6979197337913,2.33480494401897,0.307705195509403,7.58779825005463,3.25387016022603e-14,2.42598673971282e-13,1
"remanei_genome_00004778",23.3784818216327,-0.988339995729804,0.453350537863216,-2.18007901873936,0.0292516047275599,0.0592068563042364,0
"remanei_genome_00004839",10.4633503293527,4.08913457303069,0.825216717565547,4.95522507723056,7.22466085829076e-07,2.98715434884307e-06,1
"remanei_genome_00004848",8.02707005448494,-0.210653142338635,0.673816368877867,-0.312626929336021,0.7545641162936,0.823033823142464,0
"remanei_genome_00004811",1.90031473233055,1.66271857338987,1.31514430484912,1.26428603101515,0.206127381573417,0.314531159965654,0
"remanei_genome_00004817",2.00131224379837,-1.3452986471949,1.57156968268403,-0.856022269974891,0.391985461336211,0.5019118189718,0
"remanei_genome_00004919",38.3759807437401,-1.36497270490196,0.541306018981596,-2.5216285373475,0.011681298951313,0.0256727055310573,-1
"remanei_genome_00005084",2180.0756715989,0.196073339329116,0.299438113397593,0.654804216819156,0.512593815332852,0.611833771983338,0
"remanei_genome_00005154",4.536343400225,0.952602028136874,0.694423008994637,1.37178926360176,0.170129050512394,0.270097064021025,0
"remanei_genome_00005271",8.43772229341399,-0.380628214065097,0.776651281095589,-0.490088954116139,0.624070954073284,0.710982189456797,0
"remanei_genome_00005296",1.88306532488925,-0.836866849795933,1.61721703326036,-0.517473432807458,0.604825710025067,0.697147442670772,0
"remanei_genome_00005313",1351.80440133364,0.473861766475836,0.31340108338916,1.51199785703174,0.130534407704201,0.218422631073222,0
"remanei_genome_00005317",6.70377247688237,0.0568640930823835,0.875854034233505,0.0649241664247714,0.948234379158932,0.971236213806889,0
"remanei_genome_00005457",2.53587162643051,-0.507217629604471,1.46329448173401,-0.346627173091924,0.728871428963423,0.803942456291116,0
"remanei_genome_00005481",18.2569800460568,-0.123238638384685,0.683445310495319,-0.180319678095924,0.856901607988697,0.901276869830969,0
"remanei_genome_00005819",1.36916351018957,-2.9190025468226,1.76126398911162,-1.65733391749804,0.0974519836084018,0.168821230427496,0
"remanei_genome_00005894",177.845699270512,0.934388737539384,0.486953000698948,1.91884788921767,0.055003587161359,0.10350515283719,0
"remanei_genome_00005955",264.212761592305,0.516821364074794,0.296692557473548,1.74194246217609,0.0815185128372687,0.144621698979371,0
"remanei_genome_00005991",2141.38253105022,0.760971501025985,0.291921250531974,2.60676980397711,0.00914007842909659,0.0207857382036212,1
"remanei_genome_00006049",660.664369789696,1.14633194145462,0.321240336336641,3.56845580018734,0.000359091415817808,0.00108464022521379,1
"remanei_genome_00006240",1.65913296743919,-1.31178759101895,1.58293966945305,-0.828703466299637,0.407272223861635,0.51922800834308,0
"remanei_genome_00006432",1.98262997400983,-0.259202966828028,1.55019526647906,-0.167206656111621,0.867207447330848,0.906635187739379,0
"remanei_genome_00006436",4936.52645957344,0.0329420994726692,0.546215452413899,0.0603097172133956,0.951908962818267,0.971706029635978,0
"remanei_genome_00006468",55.6543080854851,-0.334288439721299,0.2970782438516,-1.12525385698822,0.26048147689977,0.36704208108604,0
"remanei_genome_00006466",12.0269425183505,0.708022352156798,0.758674652572636,0.933235807675822,0.35069823041477,0.459025017142888,0
"remanei_genome_00006561",18.5492748814221,4.93940682690019,0.987331551089761,5.00278434478099,5.65081437924542e-07,2.39448177652917e-06,1
"remanei_genome_00006642",16.2034542083467,4.28056707820811,0.917767311925616,4.66410932551828,3.0995657500115e-06,1.24193484813386e-05,1
"remanei_genome_00006616",1.66384964719899,-3.21736094368828,1.35708739802277,-2.37078389230926,0.0177504063165658,0.0376078752534434,-1
"remanei_genome_00006682",37.7755004828271,-3.43731599783733,0.435222427552516,-7.89783747397203,2.837838445455e-15,2.53255582480757e-14,-1
"remanei_genome_00006776",24.3591899174209,1.64246983156202,0.663738464346556,2.47457382657342,0.0133395247534905,0.0289925464199481,1
"remanei_genome_00006838",1201.856516713,-4.43396536273347,0.405529705118221,-10.9337622047708,7.94832357687511e-28,1.87262503471178e-26,-1
"remanei_genome_00006895",401.173308626833,0.369872913178862,0.210783689481732,1.75475111043124,0.0793018894266699,0.141972075599722,0
"remanei_genome_00006898",836.244332288422,-0.571411064905118,0.246706819387934,-2.31615431759348,0.0205498444389303,0.0427698175778443,-1
"remanei_genome_00006984",2764.35082657619,-0.856827796748772,0.200135922759201,-4.28122940117896,1.85863635326376e-05,6.51629054804974e-05,-1
"remanei_genome_00007002",59.7083693723636,-0.215773484617823,0.425415476626975,-0.507206475722612,0.612009951779204,0.702179194794582,0
"remanei_genome_00007007",68.7867767116406,4.00037618868631,0.731381719725719,5.46961467697951,4.51015028107629e-08,2.18484727923485e-07,1
"remanei_genome_00007020",88.9805642491364,1.13370023333824,0.675684736388365,1.67785384556419,0.0933756346337897,0.162716712423971,0
"remanei_genome_00007053",38.3367162618809,0.334153308059336,0.475578765160479,0.702624533596616,0.4822897691282,0.583303232066755,0
"remanei_genome_00007054",12.5316998471925,0.273211079940353,0.3960406246768,0.689856198876855,0.490284623085741,0.590204059352007,0
"remanei_genome_00007132",229.631377062939,0.942437841452875,0.473789967604331,1.98914689185635,0.0466849918257593,0.0892774681343254,0
"remanei_genome_00007141",269.392507000794,5.57467634068872,0.739960483143486,7.53374871723755,4.93039653113137e-14,3.5851895763412e-13,1
"remanei_genome_00007190",33.9824817906984,-1.17715952055528,0.43021805739256,-2.7361927290773,0.00621546114908182,0.0147617202290693,-1
"remanei_genome_00007217",25.1933345682773,-6.9249016830583,0.909395099754502,-7.61484385051968,2.64010443195817e-14,2.01950845509527e-13,-1
"remanei_genome_00007274",7.41919426837835,1.11218783368877,0.945021138756223,1.17689201656649,0.23923860894747,0.344526994303324,0
"remanei_genome_00007275",3.20999448845495,0.973634669792349,1.17461267680312,0.828898486301233,0.407161851997966,0.51922800834308,0
"remanei_genome_00007299",2.36549561259462,0.16273545443599,0.979745826084577,0.166099665957589,0.86807851703211,0.906635187739379,0
"remanei_genome_00007329",21.0194268164369,-5.66661603113316,0.850551186545959,-6.66228690379585,2.69599065920655e-11,1.65410260236735e-10,-1
"remanei_genome_00007338",4.59473740435664,0.172463419641354,1.33475241993659,0.129210044548596,0.897191448437755,0.933649758179925,0
"remanei_genome_00007319",2.60098309786413,0.0702702608344377,1.91537287844592,0.036687509583749,0.97073416784778,0.984100559143446,0
"remanei_genome_00007368",36.7285315648939,0.544971468528899,0.453984187607898,1.20041949346391,0.229976461885831,0.334459595187048,0
"remanei_genome_00007369",5.29945755753678,1.85469586771626,1.01596002845667,1.82555988008081,0.0679165837119992,0.124619525876534,0
"remanei_genome_00007344",1.695953603378,1.10697990201384,1.59280562915939,0.694987437103705,0.487063174631011,0.587869282495216,0
"remanei_genome_00007397",3.5501912187892,-2.46246648933514,1.09121133700146,-2.25663572750423,0.0240308459876131,0.049402465947651,-1
"remanei_genome_00007398",3.46944071388331,1.09138379217388,1.27354443925249,0.856965613869324,0.391463888673589,0.5019118189718,0
"remanei_genome_00007405",3.62468961297833,-0.896299752699993,1.09833761696271,-0.81605122036936,0.414470841293275,0.523869797256951,0
"remanei_genome_00007406",28.8595607452334,0.196192934066641,0.393256908401894,0.498892530239135,0.617855096641015,0.70663427557584,0
"remanei_genome_00007423",5.83235817605366,1.35743187571362,0.76989511762307,1.76313869855997,0.0778770997520928,0.139846377298728,0
"remanei_genome_00007425",4.57209514024933,1.94208398826789,1.0184831633386,1.90683956119776,0.0565413666345347,0.105723380786479,0
"remanei_genome_00007426",19.1893343724776,-0.566969976086802,0.513772548552831,-1.10354275969749,0.269791533107446,0.37925349164746,0
"remanei_genome_00007432",15.4451769496616,3.88129744597188,0.974980031668232,3.98089942347929,6.86549959140558e-05,0.000224654403296549,1
"remanei_genome_00007433",138.028552079083,2.11351066561181,0.355072135115278,5.95234166974447,2.64332812069936e-09,1.40263086765038e-08,1
"remanei_genome_00007434",86.5080674071928,1.53563790056141,0.456560487769106,3.3634927719326,0.000769628516382297,0.00216895309162284,1
"remanei_genome_00007440",30.4053456795768,-1.91747294425334,0.534980211052138,-3.58419415268142,0.000338120510787009,0.00103188072981113,-1
"remanei_genome_00007446",2.42145363904935,-2.10338971578214,1.22803257501439,-1.7128126391578,0.0867470141303125,0.152065450365339,0
"remanei_genome_00007453",4.0924258752601,1.28001625367028,0.86849640009316,1.47383023525829,0.140527305384408,0.232303003670746,0
"remanei_genome_00007458",37.3789539690562,1.65751286228754,0.43140065420866,3.84216585236293,0.000121953380587994,0.000382077346629406,1
"remanei_genome_00007461",54.0477909320591,0.304995550777992,0.399244580144595,0.763931599691426,0.444908005162921,0.554018636450234,0
"remanei_genome_00007462",20.3767161810228,-0.107130045181462,0.565033452405764,-0.189599473668914,0.849622999680858,0.89843437488694,0
"remanei_genome_00007465",21.1026664733293,0.237671365382928,0.447627456434199,0.530957969549541,0.595447905234706,0.687683953300474,0
"remanei_genome_00007488",36.0871885729632,1.60200902624485,0.687295975394773,2.33088666833045,0.0197593364436549,0.0412880256893225,1
"remanei_genome_00007487",3.38418438901349,1.02121224463926,1.14848595244605,0.889181310806871,0.373905645312305,0.484022912283402,0
"remanei_genome_00007491",21.3610125067978,2.3246579142671,0.75042354241018,3.09779448923052,0.00194966579759219,0.00524362171133242,1
"remanei_genome_00007501",12.0978972415256,0.590796033175533,0.561487716136636,1.05219761037794,0.292708895635908,0.402816681143809,0
"remanei_genome_00007499",4.62148514341535,1.89020135495882,0.989223063407614,1.91079385922076,0.0560310771780069,0.105102880439,0
"remanei_genome_00007507",30.4817795100391,4.04170561211161,0.67417295883739,5.9950574390903,2.03413531425841e-09,1.0991795413745e-08,1
"remanei_genome_00007508",19.8310127692632,2.22566029421973,0.488451994930882,4.55655891943828,5.19984578475745e-06,2.01494024159351e-05,1
"remanei_genome_00007509",40.9139575114607,1.16348133398063,0.388861257280254,2.9920217357681,0.00277136530471651,0.00703592312275011,1
"remanei_genome_00007497",34.6336866966848,0.920655213684858,0.446139607038607,2.06360340835013,0.0390553341793409,0.075669709972473,0
"remanei_genome_00007541",17.8380830670229,0.0939378828236785,0.479251472785944,0.196009586110621,0.844602662906648,0.89843437488694,0
"remanei_genome_00007512",48.7742717361698,0.125642589736094,0.387733733321572,0.324043483809778,0.745905113509723,0.815670827926941,0
"remanei_genome_00007517",42.0129419694428,1.54053787829147,0.452169769887492,3.40698998669192,0.00065683536674683,0.00188720015128723,1
"remanei_genome_00007525",5.18658725289599,-0.643029861300278,0.871438967635164,-0.737894316391746,0.460578673032088,0.568722931689517,0
"remanei_genome_00014074",126.359552253913,-0.587112761246944,0.264474171411312,-2.21992475905657,0.0264238755111795,0.0536678023313266,0
"remanei_genome_00014070",969.08514430018,-1.90386082675838,0.221445982711258,-8.59740512538813,8.15387391008415e-18,9.80128925110116e-17,-1
"remanei_genome_00014142",68.0472445365478,1.16819494002774,0.379629005352849,3.07720148765229,0.00208954008355925,0.00554386986133514,1
"remanei_genome_00014175",108.896110373096,-4.74481132084373,0.471181528702227,-10.0700282838174,7.49565261214447e-24,1.33786042077366e-22,-1
"remanei_genome_00014208",17.8984103513382,0.726824714701084,0.589202395481713,1.2335739302398,0.217361712350637,0.324116578669683,0
"remanei_genome_00014250",63.585622374556,0.512275268601009,0.337033995434744,1.51995132698771,0.128523209043215,0.216286200361296,0
"remanei_genome_00014333",1467.696414578,4.19777191657722,0.285941233070068,14.6805407233751,8.59026886389079e-49,1.26491709020792e-46,1
"remanei_genome_00014365",3.97662785219602,1.52664612089899,1.3403152659663,1.13902016910802,0.254694741948921,0.362355562821049,0
"remanei_genome_00014489",27.8085030861066,-2.26376781631044,0.570519905066167,-3.96790330400111,7.2507740446106e-05,0.000235950602888157,-1
"remanei_genome_00014504",18820.9793786674,-0.0236774392531385,0.207155583003607,-0.114297857242526,0.909001681041809,0.9426091375592,0
"remanei_genome_00014558",1.60717510242562,1.63837588648266,1.31141146018068,1.24932253242391,0.211547129796971,0.31949040884722,0
"remanei_genome_00014580",2299.73005725689,2.27706879587064,0.259093041693678,8.78861424060466,1.51416015698681e-18,1.89753262226644e-17,1
"remanei_genome_00014597",1.28599067299508,-1.74215492731107,1.38918000166452,-1.25408868917175,0.209809771077437,0.317681118675091,0
"remanei_genome_00014624",2.12448199965128,-4.47044621591967,1.62677383500201,-2.74804408562064,0.00599519474634685,0.014296233625904,-1
"remanei_genome_00014629",24.555234318011,7.582430795243,0.961065448795716,7.88960918816125,3.03134312371719e-15,2.62567808804328e-14,1
"remanei_genome_00014673",7.10158200714605,-2.99633574376654,0.999706433466949,-2.99721562596666,0.00272457924294001,0.00694708733373015,-1
"remanei_genome_00014663",106.17385815287,6.59171032361624,0.682993814110911,9.65120062206861,4.85835414734179e-22,7.74304972843265e-21,1
"remanei_genome_00014743",5.18654433758697,-0.373807828201821,0.760760854034662,-0.491360492879394,0.62317150153295,0.710982189456797,0
"remanei_genome_00014808",8.88592098516002,1.89587869377201,0.707421931231127,2.67998292118625,0.00736259165621166,0.0171405789941054,1
"remanei_genome_00014827",748.523246572094,-0.978727473256935,0.254038363003052,-3.85267587811207,0.000116834000117165,0.000367995861331606,-1
"remanei_genome_00014836",526.589908344561,-0.900898178630169,0.213971591116914,-4.2103635063307,2.54960124766269e-05,8.78195985306038e-05,-1
"remanei_genome_00014851",1.38272804981446,2.30797531467845,1.89303569872259,1.21919270525953,0.222771060007703,0.330116801163452,0
"remanei_genome_00014911",1.7588433013591,-0.243622422260726,1.38546999200212,-0.175840995234167,0.860418861856914,0.903363118776689,0
"remanei_genome_00015083",2.47285042784891,-1.23753258875783,1.43903541728365,-0.859973683687245,0.389803549179758,0.5019118189718,0
"remanei_genome_00015095",15611.30844285,-1.5357175432596,0.274724904766747,-5.59001938525916,2.27044264045395e-08,1.12377371027511e-07,-1
"remanei_genome_00015112",2.20651566687055,4.60892890671122,1.59822589985282,2.88377813620443,0.00392935481142266,0.00976535858197445,1
"remanei_genome_00015255",6.58887828758106,2.74462190736118,1.28020324992769,2.14389543810032,0.0320412658132846,0.0637577890676507,0
"remanei_genome_00015380",8.9913068127188,1.41660221164482,0.566212771903482,2.50189024681043,0.0123532213893208,0.0269483236974442,1
"remanei_genome_00015471",1104.25857324619,-0.457781350410491,0.444269232962819,-1.03041425434204,0.302815584671486,0.412866618915522,0
"remanei_genome_00015505",56.5325431695376,-1.91022417457329,0.435922682269889,-4.38202518994097,1.17581210526365e-05,4.24879343558459e-05,-1
"remanei_genome_00015622",1908.9767176217,6.03444998120956,0.571545327129374,10.5581302038073,4.65848497230491e-26,1.01623986988429e-24,1
"remanei_genome_00015656",8469.49422335063,-2.30622223686282,0.201174700219349,-11.4637786677363,2.00569108749139e-30,6.21764237122329e-29,-1
"remanei_genome_00015710",10.3283288049379,4.0976991362973,0.896394114883225,4.57131418899501,4.84674944969933e-06,1.89055326216749e-05,1
"remanei_genome_00015831",22390.3512610263,5.84779527710247,0.768313524521942,7.61120960449196,2.71542437796069e-14,2.05049353669083e-13,1
"remanei_genome_00015981",1.71167366099787,0.646462444999621,1.187751905064,0.544273970215006,0.586252956352287,0.681070988740625,0
"remanei_genome_00016025",579.711857334095,0.270546302442973,0.31525264716195,0.85818883640964,0.390788199367441,0.5019118189718,0
"remanei_genome_00016063",172.12548441847,1.35763616410452,0.30531964626341,4.44660597743925,8.72376387855092e-06,3.27280058883216e-05,1
"remanei_genome_00016119",13.36480049004,2.77764747225046,0.708363133283117,3.92121969896519,8.81018904888454e-05,0.00028202181248875,1
"remanei_genome_00016206",81.1465174383809,1.71925918320685,0.340585370889332,5.04795370017668,4.46567330190325e-07,1.93403056972133e-06,1
"remanei_genome_00016216",3015.60151400915,-0.393724441025315,0.383546178677624,-1.0265372539567,0.304638412875462,0.41343784604527,0
"remanei_genome_00016261",802.570294375146,2.40218529341249,0.448822104570933,5.35219916521034,8.6891684471152e-08,4.02985843728413e-07,1
"remanei_genome_00016301",4.00131198462777,-0.0859440495184867,1.08595941985774,-0.0791411243799012,0.936920373550623,0.966455516674811,0
"remanei_genome_00016315",7.53032112607489,3.54577468270943,0.838911435757781,4.22663767779796,2.37209157418031e-05,8.26723039758701e-05,1
"remanei_genome_00016344",37.8659361155932,3.06847425310296,0.744495309235247,4.12154947793415,3.76332621581938e-05,0.000128127117983677,1
"remanei_genome_00016366",42.3195098628745,0.0798000739869112,0.318220190699057,0.250769989835053,0.801991944962721,0.860424873557454,0
"remanei_genome_00016406",2.17183397803368,-0.365998268323149,1.23722922992491,-0.295820903249563,0.767366858594675,0.833909741166538,0
"remanei_genome_00016461",1.96121450467996,1.07513145297291,1.56106529258002,0.688716518189962,0.491001679257188,0.590204059352007,0
"remanei_genome_00016491",794.561837793087,-0.320520108928589,0.514711054532063,-0.622718525484133,0.533469506652795,0.63222040124446,0
"remanei_genome_00016517",11.0592394306298,4.12690248699244,0.919624176471331,4.48759677331198,7.20310957511158e-06,2.7683265041919e-05,1
"remanei_genome_00016519",18.3304184937732,0.479478372276746,0.624673021599209,0.767566960150202,0.442744497745407,0.553665624569098,0
"remanei_genome_00016523",1.65148993271433,0.00916703749352849,1.63601140134704,0.00560328460179474,0.995529249121,0.995529249121,0
"remanei_genome_00016518",18.7649884584013,0.913598170616935,0.93741924862431,0.974588661324874,0.329764340263041,0.440433551961295,0
"remanei_genome_00016587",67.4004210480961,0.357902760859096,0.669666779230648,0.534449030412223,0.593030904425934,0.687373987383824,0
"remanei_genome_00016591",8.58092516204134,2.18943544246229,0.909701933185211,2.40676133862467,0.01609468396248,0.0344718867414571,1
"remanei_genome_00016592",1.9163000619985,-1.90832463712125,1.22048740827916,-1.56357585025143,0.117917209934245,0.200586103360296,0
"remanei_genome_00016597",1.53985384871887,0.0201796924227281,1.41733152240947,0.0142378068247735,0.988640257554752,0.992526805140243,0
"remanei_genome_00016684",7.56081123510608,1.40523903726526,1.15473273072487,1.21693877715161,0.223627510465564,0.330116801163452,0
"remanei_genome_00016687",4.24176737176547,-1.13092800603078,1.19925605612182,-0.943024636196541,0.345668301757744,0.454461227087749,0
"remanei_genome_00016688",17.6924310726257,0.81387993744213,0.647954937102833,1.25607490712423,0.209088812874297,0.31740544016227,0
"remanei_genome_00016692",649.148904344202,0.138002129863052,0.173908198285905,0.793534354465433,0.427466561825076,0.535697457265893,0
"remanei_genome_00016673",865.234611248708,-2.24264411229887,0.344851723623452,-6.50321271047971,7.86224980620645e-11,4.58501498599564e-10,-1
"remanei_genome_00016726",46.2889548144583,-0.109965327996663,0.575796485677853,-0.190979505314637,0.848541650009564,0.89843437488694,0
"remanei_genome_00000024",2278.66935491135,-1.0195598189936,0.199734720581244,-5.10456978149116,3.31547916743665e-07,1.46828363129337e-06,-1
"remanei_genome_00000109",7.8085662247419,2.15735396053412,0.889349813432726,2.42576534896559,0.0152761437825967,0.0328381338976258,1
"remanei_genome_00000130",26.1058321754271,2.49335075137856,0.503251608917381,4.95448143075464,7.25234417461052e-07,2.98715434884307e-06,1
"remanei_genome_00000176",3575.10361915309,6.01321842778028,0.674696159571022,8.9124835564553,4.99019598114622e-19,6.68005780203437e-18,1
"remanei_genome_00000299",167.344700618737,1.18441039232285,0.291382456971015,4.06479650365729,4.80743882757988e-05,0.000160885310763895,1
"remanei_genome_00000380",5084.36140184674,5.4449530116183,0.406873008982339,13.3824384793601,7.65926811668689e-41,5.0125654674762e-39,1
"remanei_genome_00000506",3.35170482850822,-0.968058397654761,1.00358713340246,-0.964598255034177,0.334746073762811,0.446075650330985,0
"remanei_genome_00000528",21.4464616143547,0.344324045540043,0.450156878485883,0.76489788781677,0.444332351766593,0.554018636450234,0
"remanei_genome_00000563",508.301130024825,2.2475601164584,0.78749016284645,2.85408024442414,0.00431616276630856,0.0106369032190617,1
"remanei_genome_00000581",3.02087160885225,-0.46834602982673,1.14362299120496,-0.409528344068412,0.682151970480884,0.762405143478635,0
"remanei_genome_00000658",505.980982098978,0.595947560431819,0.424471503203345,1.40397542811332,0.160326166716341,0.258718115605274,0
"remanei_genome_00000710",201.588136548771,2.1327569321618,0.251403739933895,8.48339381396074,2.18718819829558e-17,2.57650769759219e-16,1
"remanei_genome_00000752",5.14351908045035,-0.673102883075001,0.916690627490597,-0.734274860993825,0.46278123608953,0.569025194544083,0
"remanei_genome_00000882",799.534900854537,1.07917802335528,0.279735047350308,3.85785776068253,0.000114385178997379,0.0003622197334917,1
"remanei_genome_00000971",2.93086463924993,0.7130599867168,1.26490733552654,0.563725078264309,0.572941247371031,0.669479872835642,0
"remanei_genome_00001012",6732.45742429591,-2.40449933926626,0.215830423947313,-11.1406876532533,7.95030924354739e-29,2.0359704975867e-27,-1
"remanei_genome_00001078",45.722213349532,-0.241795462188012,0.320882022483521,-0.753533838750437,0.45112918488758,0.560580358436255,0
"remanei_genome_00001072",21.5860572980875,0.887010387614181,0.475476511060868,1.86551883632508,0.0621087144288944,0.115037838989367,0
"remanei_genome_00001204",210.684461931974,1.31940160901252,0.485403743263184,2.71815293417947,0.00656474870741692,0.0154665479546743,1
"remanei_genome_00001222",14190.367174657,-0.608040025775947,0.247174118512998,-2.45996639710468,0.0138950024848976,0.0300888105279585,-1
"remanei_genome_00001342",109.366250072545,1.48448846604246,0.458881691122807,3.23501350077874,0.00121636979092687,0.0033322874737485,1
"remanei_genome_00001321",1.58934928963055,-0.559086300028028,1.82866727197638,-0.305734295459764,0.759806958823147,0.827220515243685,0
"remanei_genome_00001438",3.10461778102729,-0.381225189462174,1.05403416841218,-0.361682003190143,0.717589677241514,0.792983714625238,0
"remanei_genome_00001465",626.308597749081,0.317201042927798,0.291972647617478,1.0864067080125,0.277299095095304,0.387035940784679,0
"remanei_genome_00001625",2.39203315843873,1.68219695675645,1.20385134105182,1.39734608368397,0.162309524089989,0.261203031937169,0
"remanei_genome_00001588",2.3530757394307,0.315681573017091,1.21359857829982,0.260120256122367,0.794771013473975,0.857362869846468,0
"remanei_genome_00001825",3964.55352435193,-1.21525409777107,0.183286038659521,-6.63036915773258,3.34848374043126e-11,2.01250706440205e-10,-1
"remanei_genome_00001933",507.563032710768,1.49411882959265,0.500157720451346,2.98729534404537,0.00281457670190981,0.00711495998894797,1
"remanei_genome_00001884",1.58044477977364,0.575459303614105,1.57796773008256,0.364683822516444,0.715347435922884,0.791991804057478,0
"remanei_genome_00002015",26.7122406150663,3.37931496329087,0.720538528581667,4.68998510037046,2.73224943661751e-06,1.10225679326556e-05,1
"remanei_genome_00002091",1.34435882558643,-0.0697639560611487,1.26857357832928,-0.0549940163132108,0.956143230870786,0.974339728344105,0
"remanei_genome_00002121",41.4497259710016,3.91466705003749,0.583286748967653,6.71139376467231,1.92774118697515e-11,1.19519953592459e-10,1
"remanei_genome_00002105",71.5288012874651,0.587688990235042,0.550611446760309,1.06733885336545,0.285818849267348,0.396289087255816,0
"remanei_genome_00002106",100.415512830161,0.789778489667487,0.525401773540115,1.5031896149608,0.132790154762418,0.221567708654573,0
"remanei_genome_00002202",4.44657736545761,2.57774238682507,1.40662573975138,1.83257160307665,0.0668663043681484,0.123075791477623,0
"remanei_genome_00002203",6314.38852923807,1.68350170232606,0.974420535539359,1.727695220826,0.084042880840536,0.147764945716644,0
"remanei_genome_00002387",63.8036191188093,0.468351572208292,0.513148615425584,0.912701619237267,0.36139949208367,0.470938718666552,0
"remanei_genome_00002737",264.735081435118,-0.400135909148657,0.280407302860567,-1.42698105600918,0.153585355150755,0.249894403822637,0
"remanei_genome_00002780",41.964132475323,0.738180714013009,0.58620510750613,1.25925329643309,0.207938856555972,0.316475417342293,0
"remanei_genome_00003049",2.55536303244134,1.64252650252353,1.16199563979069,1.41353929935519,0.15749721469794,0.255553331837705,0
"remanei_genome_00003105",2451.28846688219,-2.57896763752572,0.252543990939004,-10.211954075552,1.7529837768684e-24,3.44169148191829e-23,-1
"remanei_genome_00003384",2.36208891485597,-3.26093571046764,1.16946878139695,-2.78839056017587,0.0052970641247463,0.0128393858826155,-1
"remanei_genome_00003400",3.37794848488214,0.655541540502311,1.09552603041359,0.598380615616067,0.549585996944563,0.648709723848391,0
"remanei_genome_00003402",3.66569960296402,-1.22030470908299,1.17669619012508,-1.03706013440333,0.299707832771296,0.409577525527362,0
"remanei_genome_00003416",687.029810103489,-1.53493974821227,0.254396390016509,-6.03365381133223,1.60293272776217e-09,8.82362034254132e-09,-1
"remanei_genome_00003487",58.0368816768426,-1.88973446908,0.844673741744899,-2.23723595950343,0.0252709222742943,0.0515037135624891,0
"remanei_genome_00003593",17.7280893500951,-1.02259699183993,0.657943665648731,-1.55423183659904,0.120129126006413,0.203321997752233,0
"remanei_genome_00003642",6129.95027890713,6.33238920012117,0.81446514941926,7.77490504613533,7.55040202078093e-15,6.17664831977773e-14,1
"remanei_genome_00003636",22.9247097214251,4.89785141558185,0.817597596047043,5.99054038228855,2.09144934199618e-09,1.11987605675977e-08,1
"remanei_genome_00003733",12.4291102116192,-1.74073032263324,0.803553876397424,-2.16628949690028,0.0302890718147209,0.0610967921194198,0
"remanei_genome_00010952",34.0978530370295,-0.375306674619784,0.454935907172322,-0.824966041815697,0.409390870150046,0.519679358875813,0
"remanei_genome_00011038",1870.22196361467,0.0420388779197073,0.22026103141769,0.190859352873851,0.848635786410949,0.89843437488694,0
"remanei_genome_00011044",8.1518552098202,-1.15217949492981,0.659174892797964,-1.74791168097926,0.0804793218582367,0.143530436104271,0
"remanei_genome_00011052",1641.50505444082,0.392530065853886,0.286025053362279,1.37236252992394,0.169950608636924,0.270097064021025,0
"remanei_genome_00011099",6.95634554004983,-6.01417920539678,1.0259136543119,-5.86226645889669,4.5659154088593e-09,2.35905629457731e-08,-1
"remanei_genome_00011107",29.3828963219889,-7.12326795293379,0.925973664491178,-7.69273276994116,1.44025127967602e-14,1.14636216720159e-13,-1
"remanei_genome_00011140",8.85899360353187,-3.02737903039019,0.682987117805932,-4.43255656141147,9.3122262495341e-06,3.42806328810974e-05,-1
"remanei_genome_00011128",238.208836930668,0.709893082397437,0.386974837074399,1.83446832813306,0.0665845050181989,0.122941296099433,0
"remanei_genome_00011205",41.5121592175688,-1.22742840652851,0.460697578757838,-2.66428230388791,0.00771527854879627,0.0178909412017362,-1
"remanei_genome_00011298",30.5529417453641,-5.49636396144799,0.845977192458273,-6.49705927115652,8.19051997928416e-11,4.72962379195919e-10,-1
"remanei_genome_00011325",50.6323661241469,2.66975239249012,0.488166705183181,5.4689358453652,4.52745573715966e-08,2.18484727923485e-07,1
"remanei_genome_00011355",1.61834408163706,-1.10619951412827,1.47269858517621,-0.751137758440853,0.452569753873268,0.561186494802853,0
"remanei_genome_00011339",13.7576376702292,-1.35677933217373,0.568134948324677,-2.38812862362123,0.0169344138619321,0.0361390208865145,-1
"remanei_genome_00011394",2.14107183262112,-1.82227927453547,1.23727867843233,-1.47281231488153,0.140801650781759,0.232303003670746,0
"remanei_genome_00011497",16.7480552425523,-2.5465893999096,0.509377037804813,-4.99941931203704,5.75032292939866e-07,2.41924300386844e-06,-1
"remanei_genome_00011600",2.38067086543176,1.15263881634298,1.20786797259793,0.954275502366236,0.33994420502439,0.450137357335383,0
"remanei_genome_00011849",49.6502171517528,0.0854928749301828,0.251315457762064,0.340181522026092,0.733719832569955,0.806270487656164,0
"remanei_genome_00011924",81.6306643152582,-0.853355272353381,0.316072871100997,-2.6998687656452,0.00693668326002442,0.0162777149010135,-1
"remanei_genome_00012148",5.39906440011746,1.04515433822274,0.805040161962541,1.29826359926546,0.194196770174262,0.299429051394347,0
"remanei_genome_00012198",486.407256190683,0.00738335188384221,0.234414883842614,0.0314969415030804,0.974873231263348,0.986598510677168,0
"remanei_genome_00012199",17.8745768523269,1.06433470264175,0.538119569472836,1.97787771161049,0.0479425039142734,0.0913855495323853,0
"remanei_genome_00012218",40.9591318134646,3.61332890465889,1.02254092650383,3.53367656100889,0.000409822259907097,0.0012069265554264,1
"remanei_genome_00012359",4816.82389264373,-2.3655710963851,0.22861062515972,-10.3475990878918,4.29111756975134e-25,8.71540775373634e-24,-1
"remanei_genome_00012524",1388.45728059848,-1.37846452241245,0.261431980048822,-5.27274636467591,1.34397242724921e-07,6.08922892038297e-07,-1
"remanei_genome_00012634",264.085791457944,0.143991631710453,0.35666447057851,0.403717341054181,0.686420586241143,0.765722964575821,0
"remanei_genome_00012933",29.3731812277544,6.17812356863503,1.0259058664863,6.02211544982675,1.72152024102079e-09,9.38866131445597e-09,1
"remanei_genome_00013000",2670.31347042622,-0.726312175028567,0.229696045939142,-3.16205780582311,0.0015665846287605,0.00423265296486208,-1
"remanei_genome_00013066",8.55205962819626,1.72551429235243,0.631007333890156,2.73453920371202,0.00624676561515571,0.0147764857322358,1
"remanei_genome_00013068",25.5140495668615,6.28233083803914,0.8488569319965,7.40093012289266,1.35233884984487e-13,9.26256613508896e-13,1
"remanei_genome_00013144",43.658028332549,0.374344759789947,0.597273139246164,0.626756395344379,0.530818930383318,0.63034747983019,0
"remanei_genome_00013249",29.0288814113357,0.510765048416296,0.487227674440517,1.04830877885335,0.294496366255934,0.404331840850222,0
"remanei_genome_00013214",11.3749638666508,-1.0090566865267,0.728842274257715,-1.3844650923334,0.16621608965991,0.266760972233479,0
"remanei_genome_00013294",2.42373098859737,-1.01068140237095,1.43726926102166,-0.703195587479914,0.481933868721366,0.583303232066755,0
"remanei_genome_00013415",7.24108514712788,3.03977742680515,0.919011656260622,3.30765927297782,0.000940791971340595,0.00260153272826108,1
"remanei_genome_00013436",2393.18292403601,-2.468201865487,0.174006286384858,-14.1845557236246,1.14186592456144e-45,1.34511805913337e-43,-1
"remanei_genome_00013435",3728.50772123258,-4.21005869988867,0.320019885106025,-13.1556159345968,1.57990766657357e-39,9.30565615611833e-38,-1
"remanei_genome_00013655",14.0005053496612,0.395164725514375,0.592091020802393,0.667405367807899,0.504513238115983,0.605210381365202,0
"remanei_genome_00013652",6.18103826428515,-0.735193441240629,0.72686462838789,-1.01145854747563,0.311797011447313,0.421038425474013,0
"remanei_genome_00013656",31.8751914244102,0.11717009145681,0.4622145808032,0.253497177118907,0.799884042279161,0.859729381208806,0
"remanei_genome_00013620",2938.14126562284,-5.18289306920373,0.549430442741098,-9.43321058685131,3.9772467613883e-21,5.85649585614428e-20,-1
"remanei_genome_00013662",226.051910763333,6.3815451605476,0.605923304848361,10.5319354932959,6.15555947750126e-26,1.29486590437437e-24,1
"remanei_genome_00013679",8.16376361499046,-1.51817848733468,0.636851923139238,-2.38387988192156,0.0171311930401999,0.0364269772587645,-1
"remanei_genome_00013724",3544.55321756749,-2.76562887109845,0.216053050557806,-12.800693459121,1.62493659296997e-37,7.97573044382762e-36,-1
"remanei_genome_00013749",9116.88829309981,5.80935318971692,0.58482418309958,9.93350370521143,2.97610394858931e-23,5.15566242858561e-22,1
"remanei_genome_00013762",15930.0251406805,6.23803341080564,0.736765225234252,8.46678588667411,2.52257188784115e-17,2.85729777295853e-16,1
"remanei_genome_00013874",1.76388970570989,-3.05525787628947,1.30064039026428,-2.34904121012932,0.0188218235298226,0.0397349607851811,-1
"remanei_genome_00013865",417.290937256095,-0.850871494662842,0.307363713810073,-2.76828869652653,0.00563515138735159,0.0134922933623987,-1
"remanei_genome_00013871",45.5628037426949,0.0269090546377849,0.395797019006443,0.0679870068383382,0.945795977392692,0.971236213806889,0
"remanei_genome_00013995",100.966160301526,5.29103509623171,0.720237294594289,7.34623871318988,2.03862154649298e-13,1.38017021940732e-12,1
"remanei_genome_00019957",8.01636056274784,4.15930698874509,1.01511115256512,4.09739069286627,4.17833360791582e-05,0.000140630771146424,1
"remanei_genome_00007722",3.50955253650091,2.9795251653475,1.14785404042755,2.59573522452182,0.00943887703552398,0.0213826868227832,1
"remanei_genome_00007730",1.51003811580621,1.07638426004771,1.48989765522293,0.722455167490454,0.47001467956493,0.573164899096777,0
"remanei_genome_00007824",1.49908478684449,2.23001197675386,2.1115895047876,1.05608214650516,0.290930686327663,0.401307199641671,0
"remanei_genome_00007829",6.90069992843445,-0.225154090545773,0.77942346295947,-0.28887261064847,0.772678864134198,0.83778734650741,0
"remanei_genome_00007863",28.5694584697263,-3.97439375381691,0.646737321778888,-6.1452982841397,7.98133839552361e-10,4.43491350468246e-09,-1
"remanei_genome_00008045",1185.12621206009,-1.22092286434579,0.22330282955432,-5.46756557802053,4.56258430128839e-08,2.18484727923485e-07,-1
"remanei_genome_00008136",1.6123685498889,0.226332164863136,1.38518898086651,0.163394430644079,0.870207887660247,0.907172470498913,0
"remanei_genome_00008186",139.41003393146,1.06061423679905,0.417851620624461,2.53825564973043,0.0111406569762908,0.0247616866378689,1
"remanei_genome_00008207",37002.3340240278,-4.53785423062137,0.261465999519834,-17.3554276233042,1.79459213980724e-67,1.05701477034647e-64,-1
"remanei_genome_00008216",151.289715777974,-3.30121880684826,0.410447273697929,-8.04297900947398,8.76803516594816e-16,8.19741700435471e-15,-1
"remanei_genome_00008206",27473.1618164439,-3.85211516159983,0.2297120747654,-16.7693194427585,4.09168243495368e-63,1.20500047709386e-60,-1
"remanei_genome_00008260",1612.52494758736,-1.98225523864917,0.155601835438419,-12.7392792833326,3.57683738841481e-37,1.62058247828948e-35,-1
"remanei_genome_00008445",815.922439972748,-0.11449957996316,0.185198345105753,-0.61825379647846,0.536408053290002,0.634426392345003,0
"remanei_genome_00008467",22.8263861924595,-0.63571975195699,0.493722769316594,-1.28760468721535,0.197883606890815,0.303524594944505,0
"remanei_genome_00008500",892.628829523193,-2.2667451100033,0.232565844483475,-9.74668105300547,1.90597780482352e-22,3.20748836297444e-21,-1
"remanei_genome_00008667",22.2116131045033,-0.675510056535711,0.524550873184878,-1.28778749796805,0.197819945420731,0.303524594944505,0
"remanei_genome_00008652",3.33653186468764,1.82675479541523,0.939754406600023,1.9438640378653,0.0519118489331103,0.0983153666289453,0
"remanei_genome_00008673",5.76620958078369,-0.823908880005764,0.772133684384793,-1.06705470395612,0.285947134267779,0.396289087255816,0
"remanei_genome_00008685",1820.86996995636,5.21496655584044,0.656189738201114,7.94734548903006,1.90550444004815e-15,1.72668017721287e-14,1
"remanei_genome_00008705",4654.10523321252,0.331989214070494,0.278000300422323,1.19420451548489,0.232397977204268,0.337148789589443,0
"remanei_genome_00008719",22.1872466909642,0.784761184181779,0.649572441252303,1.20811957888615,0.227001269737964,0.3317710865401,0
"remanei_genome_00008855",29.5239343521365,2.79249339257875,0.477511815142048,5.84800900004548,4.97491642687939e-09,2.5480224134191e-08,1
"remanei_genome_00009148",1.56075983424594,-1.73808243331657,1.53235917696667,-1.13425263439681,0.256688591281338,0.364312241601706,0
"remanei_genome_00009143",19990.5662901564,5.86342774539551,0.748212833790478,7.83657734884222,4.62993188810519e-15,3.89575697441994e-14,1
"remanei_genome_00009264",249.038212113476,-1.97856538223416,0.233529384475626,-8.47244721120167,2.40290579252877e-17,2.77512061137146e-16,-1
"remanei_genome_00009419",404.147537794227,-2.00876668580402,0.208457589268771,-9.63633270849187,5.61584815775199e-22,8.70456464451559e-21,-1
"remanei_genome_00009549",2405.56861212511,-1.66360526497366,0.204182666598617,-8.1476321799831,3.71119142146286e-16,3.58342909383873e-15,-1
"remanei_genome_00009635",11.177840438996,0.0470438015655463,0.706006866756719,0.0666336317402378,0.946873370977562,0.971236213806889,0
"remanei_genome_00009719",12.5341232394768,-0.325739462230978,0.569335265121954,-0.572139971271941,0.567227151480717,0.665531458609845,0
"remanei_genome_00009929",31.5975790531756,2.81774273453278,0.885684521433347,3.18142935361757,0.0014655026062241,0.00397779278832255,1
"remanei_genome_00009973",15.412788995873,-1.07455679345453,0.381446941716536,-2.81705442077726,0.00484663126747972,0.0117961397377915,-1
"remanei_genome_00010048",3565.87540722178,6.15392469018722,1.2124599284043,5.07556954751182,3.86337011826508e-07,1.68557407382084e-06,1
"remanei_genome_00010051",943.026846600977,6.5830507180987,0.786432237641264,8.3707793284812,5.72384098645967e-17,6.09050039522598e-16,1
"remanei_genome_00010082",3218.86393233021,6.12163610121476,0.964725207545076,6.34547128377873,2.21745558768396e-10,1.25584744340947e-09,1
"remanei_genome_00010136",118.547502154783,4.40040549391749,0.520454026482962,8.45493601741122,2.7924042775357e-17,3.1032568291859e-16,1
"remanei_genome_00010144",306.220050085164,5.32775214763314,0.390201675805452,13.6538423025366,1.91508661661963e-42,1.40998252148621e-40,1
"remanei_genome_00010154",1.83531115068863,4.12334749010629,1.92087411051273,2.14659954420733,0.0318251762378466,0.0635424705223446,0
"remanei_genome_00010191",206.110461503904,5.65327713920424,0.451978468764552,12.5078461251861,6.76333154307652e-36,2.84543019919433e-34,1
"remanei_genome_00010215",14409.0905282995,0.0905141699250754,0.263916192563063,0.342965579512318,0.731624354950929,0.805470551525415,0
"remanei_genome_00010244",87.9401195530896,-0.695850192550037,0.729407483979603,-0.95399376594482,0.340086797986834,0.450137357335383,0
"remanei_genome_00010278",2.52363105045886,-3.2299087829768,2.02054634606413,-1.59853239163181,0.109924542527037,0.188213824268676,0
"remanei_genome_00010246",7.49361421118395,-3.86632055076255,1.01556056397481,-3.80708023520541,0.000140617134310627,0.000435913116362945,-1
"remanei_genome_00010308",7.88675639825152,-5.29287198812039,1.04948659740496,-5.04329640912801,4.57579589917041e-07,1.9672582369426e-06,-1
"remanei_genome_00010292",254.812876475418,-0.405169695245179,0.34254579351976,-1.18281906510058,0.236880863027354,0.341967716478214,0
"remanei_genome_00010375",2.70460119245415,1.08377616630796,1.07957950921276,1.00388730710372,0.31543293527857,0.424178079632598,0
"remanei_genome_00010352",56.8627063673625,3.63419814282471,0.57525145475634,6.31758183795303,2.65687751494629e-10,1.49038176790796e-09,1
"remanei_genome_00010405",1346.19442613136,-0.466168075341696,0.184490670716751,-2.52678400230549,0.0115112275191915,0.0254891466496384,-1
"remanei_genome_00010399",37.5445200724058,-1.22230153377397,0.462614645784285,-2.64215918132415,0.00823793285455231,0.0189536814505129,-1
"remanei_genome_00010353",1.40435076117268,-1.45520432812335,1.41599818512043,-1.02768798958566,0.304096619243721,0.41343784604527,0
"remanei_genome_00010361",1075.33091263816,-0.667699497324225,0.253648371768173,-2.63238235148019,0.00847883826803303,0.0194320456804337,-1
"remanei_genome_00010371",1.28657138567108,-1.38915278518864,1.90275903775039,-0.730072887647938,0.465345632860974,0.569830722983604,0
"remanei_genome_00010458",13.1223586903119,-2.65214472128002,0.796407448187584,-3.33013550703929,0.000868037289022833,0.00241166963789834,-1
"remanei_genome_00010514",2973.0401271001,-0.663430247976631,0.185242927659874,-3.58140662295491,0.000341749282609148,0.00103757900750922,-1
"remanei_genome_00010522",4.13625651795059,-2.4394419164456,1.12750320658408,-2.16357869512071,0.0304966980849759,0.0610971264355469,0
"remanei_genome_00010488",4730.53798373721,4.33398448571169,0.932965165572578,4.64538725092897,3.39439120075284e-06,1.35087595759691e-05,1
"remanei_genome_00010544",658.723976162803,1.12818859568762,0.29579620730307,3.81407390572689,0.000136694559787309,0.000425995215421827,1
"remanei_genome_00010545",169.2338572289,1.33815266957939,0.463696272548146,2.88583874575022,0.00390372112951433,0.00974276163255908,1
"remanei_genome_00010585",1.81365489948667,-0.872734015573338,1.33457952424309,-0.653939311760616,0.513150905534413,0.611833771983338,0
"remanei_genome_00010605",69.9104289316276,0.362323350247401,0.486863456585048,0.744199108285525,0.456756027433322,0.565187605374425,0
"remanei_genome_00010610",2812.76003465837,-0.731208274908311,0.313725462013081,-2.33072658564711,0.0197677813996417,0.0412880256893225,-1
"remanei_genome_00010674",288.669830819269,-3.13172265873231,0.263877079214899,-11.8681117285745,1.73335817428586e-32,6.00557626267276e-31,-1
"remanei_genome_00010661",444.015591809406,0.607004984462162,0.269065422343791,2.25597543963333,0.0240721693157485,0.049402465947651,1
"remanei_genome_00010758",672.303375459667,1.65078393458884,0.914974110250883,1.8041864967482,0.0712020754714345,0.129839078800851,0
"remanei_genome_00010763",673.395107841419,-1.0259000286361,0.335480743875739,-3.05799974324634,0.00222819766980526,0.0058071169359084,-1
"remanei_genome_00010806",2.49951486993605,0.228859758265046,1.22871517850519,0.186259405164563,0.852241340334696,0.899588081464401,0
"remanei_genome_00016990",11776.8340612674,-0.0443035752224921,0.266881384463859,-0.166004741437827,0.86815321882005,0.906635187739379,0
"remanei_genome_00016984",16.6190243203772,-1.12747521967558,0.702146154795832,-1.60575574184184,0.108327588452059,0.186020261219426,0
"remanei_genome_00016991",289.231896066746,0.87199829910265,0.329642627162013,2.64528379296674,0.00816224295584498,0.0188531807882066,1
"remanei_genome_00017061",5.2748615208493,1.781015801528,0.944318976157,1.8860319939519,0.0592906434108344,0.110513256230954,0
"remanei_genome_00017085",364.758602448797,-0.487261138267836,0.490791052227329,-0.992807705145655,0.320803674277648,0.430417685989828,0
"remanei_genome_00017105",65.1747850916313,-1.40773185496277,0.31403910455585,-4.48266421136864,7.37168770732452e-06,2.80124132878332e-05,-1
"remanei_genome_00017176",4549.16672694998,6.32358390697269,0.879819978464284,7.18736112131761,6.60555346700423e-13,4.42121703643806e-12,1
"remanei_genome_00017227",211.754397328981,-1.12851962983804,0.365363362390991,-3.08875970062473,0.00200993938582994,0.00536022664768416,-1
"remanei_genome_00017296",3588.03991871927,-1.32551070798068,0.307857545318224,-4.30559759907957,1.66535545237275e-05,5.87361893082364e-05,-1
"remanei_genome_00017415",342.996405144868,-2.08445913396646,0.374365529199284,-5.5679782762714,2.57711944008775e-08,1.2649361251764e-07,-1
"remanei_genome_00017587",5.70681144277856,-0.292951685288036,0.868348656575626,-0.337366428875821,0.735840688618278,0.807095280439787,0
"remanei_genome_00017647",2.12057989532228,-2.15306737342518,1.37797013519407,-1.56249204422848,0.118172118618035,0.200586103360296,0
"remanei_genome_00017682",7.61427930488302,-1.03846157685106,0.921580552353311,-1.12682670462097,0.259815757438659,0.36704208108604,0
"remanei_genome_00017817",145.226508309999,-0.338253301786895,0.535218490912741,-0.631991060716253,0.527392718532937,0.627544063062424,0
"remanei_genome_00017900",1.56998115767356,1.67134189793356,1.87193027291998,0.892844099009345,0.37194066667564,0.482539763594607,0
"remanei_genome_00017991",86.2028991478439,0.324854169116805,0.408814582125047,0.794624710860825,0.426831839660536,0.535697457265893,0
"remanei_genome_00018084",37.2512700443821,-1.24527396493022,0.406810733938251,-3.06106466974207,0.00220551452509771,0.00577354691236689,-1
"remanei_genome_00018117",1.80790355147998,-2.67432172424713,2.15697549114984,-1.23984798863964,0.215031624583665,0.32145590578624,0
"remanei_genome_00018206",156.752063296517,0.797556672031568,0.37317996276642,2.13719050218881,0.0325825002316881,0.0646164735234488,0
"remanei_genome_00018205",4.76530547104244,-0.0180780459346434,0.989800785638347,-0.018264327728316,0.985427985065858,0.992165954194513,0
"remanei_genome_00018209",72.5927651421621,0.728408123412012,0.498751300792484,1.46046360631966,0.144162702695721,0.236523208601058,0
"remanei_genome_00018438",30.0652729102562,6.27676139178264,0.959945901849734,6.53866158466624,6.20717988473182e-11,3.65602895210704e-10,1
"remanei_genome_00018483",5.61542534349879,0.015269492860136,0.819961767886532,0.0186222010076073,0.985142492063034,0.992165954194513,0
"remanei_genome_00018490",1262.90496086279,5.86910295220685,0.515222736480811,11.3913896585685,4.61568961645833e-30,1.29459104004474e-28,1
"remanei_genome_00018687",11.6623060067825,1.31695785420402,0.739012994288684,1.78204965864183,0.074741134076126,0.135453932217964,0
"remanei_genome_00018794",9.2635537519579,2.99929291931128,0.822879416615074,3.6448753714717,0.00026752140981651,0.00082067765823919,1
"remanei_genome_00018872",1.36851384597927,0.283305943262075,1.19053439466511,0.237965357852402,0.811907962897246,0.869479618448141,0
"remanei_genome_00019084",4.4997009282498,3.45874068035391,1.3611127407403,2.54111255947301,0.0110500339227057,0.024653295380582,1
"remanei_genome_00019097",5.74102026997588,5.69589140805639,1.05164864849574,5.41615435554801,6.08945367187649e-08,2.8693505701882e-07,1
"remanei_genome_00019118",33.9150601114506,5.53539675583387,0.701558303076806,7.89014502651801,3.01835568479027e-15,2.62567808804328e-14,1
"remanei_genome_00019178",313.266057271589,3.18549110100762,0.313104938675997,10.1738768940466,2.59374771208429e-24,4.92812065296014e-23,1
"remanei_genome_00019250",479.727879159819,-1.39876108633252,0.264439155349343,-5.28953847430291,1.22625386708508e-07,5.59894207529546e-07,-1
"remanei_genome_00019317",3.39235592654301,-0.556308984217663,1.16123690637301,-0.479065883253082,0.631891759645645,0.715738935444779,0
"remanei_genome_00019276",10.0889333363393,3.3981084276812,0.968375096719658,3.50908283287353,0.000449654840276888,0.00131764527822431,1
"remanei_genome_00019316",37.2681833071396,0.930564140458919,0.547545699910658,1.69951867142918,0.0892214995810403,0.155939060098613,0
"remanei_genome_00019382",256.874329364714,-2.33040493457609,0.458497860962517,-5.08269532530404,3.7211632960351e-07,1.63564565773483e-06,-1
"remanei_genome_00019408",3340.50543327569,6.05365154054038,0.530984148157033,11.4008140573531,4.1422750437251e-30,1.21990000037704e-28,1
"remanei_genome_00019304",303.943263510951,-2.28930341993393,0.258247763273506,-8.86475604247295,7.66717620129893e-19,1.00354817390335e-17,-1
"remanei_genome_00019451",33.7510498432551,1.82021353257295,0.451410467328911,4.032280295456,5.52382480853117e-05,0.000181761609621501,1
"remanei_genome_00019442",1965.98455645379,6.00815551825294,0.72312611801532,8.30858596940577,9.68491993322404e-17,9.66850481469315e-16,1
"remanei_genome_00019498",1.57267485399274,2.05603076774507,1.58088766934648,1.30055462359005,0.193410947565512,0.299429051394347,0
"remanei_genome_00019501",2.4343960422447,0.783245199000846,1.08734424711332,0.720328636565841,0.47132267713715,0.573572431474755,0
"remanei_genome_00019476",1.5159867610788,-2.0551101442101,1.58270471946308,-1.29847982313927,0.194122505274911,0.299429051394347,0
"remanei_genome_00019475",39.9218100004984,-0.326895331181691,0.276047667833779,-1.18419885140464,0.23633435671064,0.341967716478214,0
"remanei_genome_00019477",3.27593568862445,-0.52589163856924,0.986607103923048,-0.533030460127579,0.594012495039671,0.687373987383824,0
"remanei_genome_00019604",4.39405925950806,2.78528125269717,1.0641739875979,2.61731754878189,0.00886238522857587,0.0202323445722139,1
"remanei_genome_00019649",92.0573994824923,5.08396250283795,0.465425841594306,10.9232493095419,8.92447737348968e-28,2.02173737422516e-26,1
"remanei_genome_00000310",528.997228257945,4.27587074781713,0.357193638406413,11.970736004408,5.05779582281991e-33,1.86190108727558e-31,1
"remanei_genome_00001064",26.5165743859415,-0.583866441993939,0.425189893202887,-1.37318984135716,0.16969333695602,0.270097064021025,0
"remanei_genome_00001185",2988.69288008268,2.22908643132451,0.237778802127504,9.37462217565215,6.94239645304026e-21,9.97334514839199e-20,1
"remanei_genome_00003411",44.1205010379483,-0.842373973745033,0.482218765981424,-1.74687099128258,0.0806597187614831,0.143530436104271,0
"remanei_genome_00003880",57.7387857720583,-0.297171104158291,0.317347201222489,-0.936422640607903,0.349055625462502,0.457892568813839,0
"remanei_genome_00004340",70.3625871952054,0.794341786287918,0.236386907060325,3.36034595217749,0.000778449290371002,0.00218336491442152,1
"remanei_genome_00004583",3.5739375672399,0.4751476177348,0.979789630787066,0.484948608154909,0.627712800859792,0.713750655803895,0
"remanei_genome_00004620",19.1511498246088,1.92071011304611,0.681584749386421,2.81800629309147,0.00483228627169979,0.0117961397377915,1
"remanei_genome_00006297",643.374795345186,-4.99586882422004,0.353649418612849,-14.1266139891189,2.60365488004033e-45,2.55592120723959e-43,-1
"remanei_genome_00006415",10.7473673826093,0.376776815666564,0.655509619405251,0.574784571442928,0.565437002486759,0.664755278372657,0
"remanei_genome_00006512",50.5594281382506,-0.430972699288051,0.358428938151748,-1.20239370601709,0.229211026578649,0.334171521422832,0
"remanei_genome_00007302",21.6612328796015,2.126615999706,0.688543872578049,3.08857007432731,0.00201122256220407,0.00536022664768416,1
"remanei_genome_00007314",26.8961340931956,0.427232618893446,0.531965854846905,0.803120378875446,0.421905159942093,0.530987476935668,0
"remanei_genome_00007419",14.7535729633663,3.41994062767287,0.599162213104589,5.70787101201239,1.14398060283589e-08,5.75901346213964e-08,1
"remanei_genome_00007459",164.39538752555,1.00260652843351,0.608259330343532,1.64832083688262,0.0992868510936287,0.171495470070813,0
"remanei_genome_00007524",48.6980426831423,1.6535883244195,0.538262793940638,3.07208364210636,0.0021257015200152,0.00558945622896854,1
"remanei_genome_00008518",5.39927954651832,-1.90900130506124,1.0972885080441,-1.73974418857627,0.0819039464311234,0.144869142486281,0
"remanei_genome_00009130",806.770258281493,0.102380310408471,0.267538933838918,0.382674435228604,0.701961171946779,0.781578696175147,0
"remanei_genome_00010302",22.352382370107,2.71659098648311,0.472673930930881,5.74728329343882,9.06887160869348e-09,4.60479773924178e-08,1
"remanei_genome_00011998",433.938316359969,0.994719519296939,0.291647566440402,3.41069027743871,0.000647986531330374,0.00187090228898819,1
"remanei_genome_00012459",2747.85987858726,-4.52070010914193,0.408166992645045,-11.0756141251071,1.64746736222449e-28,4.0431594847926e-27,-1
"remanei_genome_00013092",9126.80252378582,-3.01641663274711,0.219071768576068,-13.7690796598454,3.91164512577773e-43,3.29136997011869e-41,-1
"remanei_genome_00013308",2.20584750510986,-2.30148730959704,1.51784555425232,-1.51628556881121,0.129447159109438,0.21722044648279,0
"remanei_genome_00014554",212.009788665097,4.81221829316507,0.321429115778831,14.9713204465157,1.13054085632366e-50,2.21962854791544e-48,1
"remanei_genome_00014973",5721.25567034893,-1.54210672052124,0.204806330809208,-7.52958521559487,5.09017575531085e-14,3.65623599985133e-13,-1
"remanei_genome_00015268",1227.35275987358,0.108704292167024,0.19852977755883,0.547546536865543,0.584003307997827,0.679798317017234,0
"remanei_genome_00016114",105.279714876458,0.00235079988660269,0.399457353784001,0.00588498337640778,0.995304489726689,0.995529249121,0
"remanei_genome_00016580",349.899617660899,-2.25548625967979,0.519956947206717,-4.3378327221063,1.43894602690657e-05,5.13660127180588e-05,-1
"remanei_genome_00016934",854.536595896386,5.68635001027625,0.841605986010571,6.75654653697392,1.41319603772563e-11,8.85502623638722e-11,1
"remanei_genome_00016997",153.972736954088,3.84860548367859,0.427904671657096,8.99407213474571,2.38235993170781e-19,3.26327906924627e-18,1
"remanei_genome_00017857",12680.2572128033,-1.54286116392024,0.184563531585174,-8.35951257905043,6.29779109171302e-17,6.3955154362396e-16,-1
"remanei_genome_00019180",5540.59981097142,4.44010590457184,0.345465583597989,12.8525274741657,8.32452292901949e-38,4.45740364108407e-36,1
